,st_name,year,c_beer,beer_tax,btax_dollars,population,salestax
0,AL,1970,33098,72.34113,2.37,3450,4.0
1,AL,1971,37598,69.3046,2.37,3497,4.0
2,AL,1972,42719,67.14919,2.37,3539,4.0
3,AL,1973,46203,63.217026,2.37,3580,4.0
4,AL,1974,49769,56.933796,2.37,3627,4.0
5,AL,1975,53236,52.171677,2.37,3679,4.0
6,AL,1976,54992,49.32928,2.37,3735,4.0
7,AL,1977,62317,46.31743,2.37,3780,4.0
8,AL,1978,62725,43.049637,2.37,3832,4.0
9,AL,1979,63999,38.661655,2.37,3866,4.0
10,AL,1980,64209,34.063545,2.37,3903,4.0
11,AL,1981,67605,30.878284,2.37,3919,4.0
12,AL,1982,68171,29.086386,2.37,3925,4.0
13,AL,1983,69597,28.181087,2.37,3934,4.0
14,AL,1984,71379,27.014784,2.37,3952,4.0
15,AL,1985,74669,26.085838,2.37,3973,4.0
16,AL,1986,77448,25.60982,2.37,3992,4.0
17,AL,1987,78730,24.708065,2.37,4015,4.0
18,AL,1988,79665,23.726425,2.37,4024,4.0
19,AL,1989,79990,22.635775,2.37,4030,4.0
20,AL,1990,80899,21.475412,2.37,4050,4.0
21,AL,1991,72921,20.608194,2.37,4099,4.0
22,AL,1992,75192,20.00596,2.37,4154,4.0
23,AL,1993,85380,19.42447,2.37,4214,4.0
24,AL,1994,88358,18.939516,2.37,4260,4.0
25,AL,1995,86991,18.41756,2.37,4297,4.0
26,AL,1996,89534,17.889332,2.37,4331,4.0
27,AL,1997,88807,17.488075,2.37,4368,4.0
28,AL,1998,92082,17.219852,2.37,4405,4.0
29,AL,1999,93828,16.847755,2.37,4430,4.0
30,AL,2000,94530,16.299862,2.37,4452,4.0
31,AL,2001,92893,15.848877,2.37,4466,4.0
32,AL,2002,94732,15.602203,2.37,4479,4.0
33,AL,2003,96188,15.254544,2.37,4501,4.0
34,AK,1970,5372,13.73566,0.5625,304,0.0
35,AK,1971,6336,13.1591015,0.5625,316,0.0
36,AK,1972,6038,12.749847,0.5625,324,0.0
37,AK,1973,6453,12.003234,0.5625,331,0.0
38,AK,1974,7598,10.810215,0.5625,341,0.0
39,AK,1975,8880,9.906014,0.5625,376,0.0
40,AK,1976,9545,9.36632,0.5625,401,0.0
41,AK,1977,7829,8.794449,0.5625,403,0.0
42,AK,1978,9260,8.173983,0.5625,405,0.0
43,AK,1979,9848,7.340821,0.5625,403,0.0
44,AK,1980,10350,6.4677625,0.5625,405,0.0
45,AK,1981,11698,5.8629656,0.5625,418,0.0
46,AK,1982,12671,5.522732,0.5625,450,0.0
47,AK,1983,13906,6.2431216,0.6563,488,0.0
48,AK,1984,14187,7.1811457,0.7875,514,0.0
49,AK,1985,14316,6.934211,0.7875,533,0.0
50,AK,1986,14711,6.8076744,0.7875,544,0.0
51,AK,1987,14041,6.567967,0.7875,539,0.0
52,AK,1988,13709,6.307025,0.7875,542,0.0
53,AK,1989,13624,6.017105,0.7875,547,0.0
54,AK,1990,14607,5.708654,0.7875,553,0.0
55,AK,1991,14408,5.478128,0.7875,570,0.0
56,AK,1992,14906,5.3180404,0.7875,589,0.0
57,AK,1993,13014,5.1634674,0.7875,599,0.0
58,AK,1994,15419,5.034555,0.7875,603,0.0
59,AK,1995,14752,4.8958077,0.7875,604,0.0
60,AK,1996,13612,4.7553926,0.7875,609,0.0
61,AK,1997,13569,4.6487293,0.7875,613,0.0
62,AK,1998,14315,4.57743,0.7875,620,0.0
63,AK,1999,15334,4.478518,0.7875,625,0.0
64,AK,2000,14373,4.332875,0.7875,628,0.0
65,AK,2001,14513,4.212993,0.7875,633,0.0
66,AK,2002,15008,4.1474214,0.7875,641,0.0
67,AK,2003,14256,12.396732,2.4075,649,0.0
68,AZ,1970,38604,5.494264,0.18,1795,3.0
69,AZ,1971,41837,5.263641,0.18,1896,3.0
70,AZ,1972,47949,5.0999393,0.18,2008,3.0
71,AZ,1973,53380,4.801294,0.18,2124,3.0
72,AZ,1974,58188,4.324086,0.18,2223,3.0
73,AZ,1975,59643,3.9624062,0.18,2285,4.0
74,AZ,1976,62806,3.746528,0.18,2346,4.0
75,AZ,1977,66233,3.5177798,0.18,2425,4.0
76,AZ,1978,71535,3.269593,0.18,2515,4.0
77,AZ,1979,77684,2.9363284,0.18,2636,4.0
78,AZ,1980,79660,2.587105,0.18,2736,4.0
79,AZ,1981,86283,2.3451865,0.18,2810,4.0
80,AZ,1982,86249,2.2090929,0.18,2890,4.0
81,AZ,1983,83067,2.1403358,0.18,2969,4.0
82,AZ,1984,83200,3.0776339,0.27,3067,5.0
83,AZ,1985,92902,3.9624062,0.36,3184,5.0
84,AZ,1986,101449,3.8900995,0.36,3308,5.0
85,AZ,1987,98739,3.753124,0.36,3437,5.0
86,AZ,1988,99190,3.6040142,0.36,3535,5.0
87,AZ,1989,103057,3.438346,0.36,3622,5.0
88,AZ,1990,101755,3.262088,0.36,3684,5.0
89,AZ,1991,104212,3.130359,0.36,3789,5.0
90,AZ,1992,107604,3.03888,0.36,3916,5.0
91,AZ,1993,112268,2.9505527,0.36,4065,5.0
92,AZ,1994,113461,2.8768888,0.36,4245,5.0
93,AZ,1995,114449,2.7976046,0.36,4433,5.0
94,AZ,1996,122594,2.7173672,0.36,4587,5.0
95,AZ,1997,121315,2.656417,0.36,4737,5.0
96,AZ,1998,124001,2.615674,0.36,4883,5.0
97,AZ,1999,130093,2.559153,0.36,5024,5.0
98,AZ,2000,134336,2.4759285,0.36,5166,5.0
99,AZ,2001,136237,2.4074247,0.36,5298,5.6000004
100,AZ,2002,138967,2.369955,0.36,5441,5.6000004
101,AZ,2003,137187,2.3171463,0.36,5581,5.6000004
102,AR,1970,22378,16.632357,0.5449,1930,3.0
103,AR,1971,25020,15.93421,0.5449,1972,3.0
104,AR,1972,25614,15.438649,0.5449,2019,3.0
105,AR,1973,27946,14.534582,0.5449,2059,3.0
106,AR,1974,30915,13.08997,0.5449,2101,3.0
107,AR,1975,31764,11.995083,0.5449,2160,3.0
108,AR,1976,31274,11.341573,0.5449,2170,3.0
109,AR,1977,33899,10.6491,0.5449,2209,3.0
110,AR,1978,36564,9.897784,0.5449,2243,3.0
111,AR,1979,35231,8.888919,0.5449,2271,3.0
112,AR,1980,39804,7.8317413,0.5449,2290,3.0
113,AR,1981,42253,7.0994,0.5449,2293,3.0
114,AR,1982,41077,6.6874146,0.5449,2294,3.0
115,AR,1983,41704,6.479272,0.5449,2306,3.0
116,AR,1984,42064,6.211121,0.5449,2320,3.5
117,AR,1985,42775,5.9975414,0.5449,2327,4.0
118,AR,1986,44257,5.888098,0.5449,2332,4.0
119,AR,1987,45262,5.68077,0.5449,2342,4.0
120,AR,1988,45205,5.4550757,0.5449,2343,4.0
121,AR,1989,45736,5.2043185,0.5449,2346,4.0
122,AR,1990,46863,4.9375324,0.5449,2357,4.0
123,AR,1991,47189,4.738146,0.5449,2383,4.0
124,AR,1992,48080,4.599683,0.5449,2416,4.5
125,AR,1993,47873,4.4659896,0.5449,2456,4.5
126,AR,1994,47057,4.3544903,0.5449,2494,4.5
127,AR,1995,48186,4.234485,0.5449,2535,4.5
128,AR,1996,50321,4.113037,0.5449,2572,4.5
129,AR,1997,49949,4.020782,0.5449,2601,4.5
130,AR,1998,51525,3.9591131,0.5449,2626,4.5
131,AR,1999,51627,3.8735623,0.5449,2652,4.63
132,AR,2000,52053,3.747593,0.5449,2678,4.63
133,AR,2001,51075,3.6439044,0.5449,2692,5.13
134,AR,2002,51773,3.5871902,0.5449,2706,5.13
135,AR,2003,52045,3.5072582,0.5449,2726,5.13
136,CA,1970,363645,2.747132,0.09,20023,5.0
137,CA,1971,380397,2.6318204,0.09,20346,5.0
138,CA,1972,401928,2.5499697,0.09,20585,5.0
139,CA,1973,417463,2.400647,0.09,20869,5.167
140,CA,1974,464237,2.162043,0.09,21174,5.25
141,CA,1975,466420,1.9812031,0.09,21538,6.0
142,CA,1976,496869,1.873264,0.09,21936,6.0
143,CA,1977,503361,1.7588899,0.09,22352,6.0
144,CA,1978,533487,1.6347965,0.09,22836,6.0
145,CA,1979,572605,1.4681642,0.09,23257,6.0
146,CA,1980,595582,1.2935525,0.09,23797,6.0
147,CA,1981,614848,1.1725932,0.09,24286,6.0
148,CA,1982,601987,1.1045464,0.09,24820,6.0
149,CA,1983,612224,1.0701679,0.09,25360,6.0
150,CA,1984,627963,1.025878,0.09,25844,6.0
151,CA,1985,618879,0.99060154,0.09,26441,6.0
152,CA,1986,649059,0.9725249,0.09,27102,6.0
153,CA,1987,662484,0.938281,0.09,27777,6.0
154,CA,1988,662221,0.90100354,0.09,28464,6.0
155,CA,1989,664432,0.8595865,0.09,29218,6.02
156,CA,1990,691050,0.815522,0.09,29960,6.25
157,CA,1991,643785,2.3477693,0.27,30471,6.47
158,CA,1992,685509,3.7986,0.45,30975,7.25
159,CA,1993,633907,3.6881907,0.45,31275,7.25
160,CA,1994,590487,3.5961106,0.45,31484,7.25
161,CA,1995,623100,3.4970055,0.45,31697,7.25
162,CA,1996,609522,3.3967087,0.45,32019,7.25
163,CA,1997,627850,3.3205209,0.45,32486,7.25
164,CA,1998,630458,3.2695925,0.45,32988,7.25
165,CA,1999,638017,3.198941,0.45,33499,7.25
166,CA,2000,637080,3.0949106,0.45,34000,7.25
167,CA,2001,652950,3.0092804,0.45,34533,7.0
168,CA,2002,659475,2.9624436,0.45,35002,7.25
169,CA,2003,663750,2.8964326,0.45,35484,7.25
170,CO,1970,42145,4.120698,0.135,2224,3.0
171,CO,1971,45359,3.9477308,0.135,2304,3.0
172,CO,1972,50444,3.8249545,0.135,2405,3.0
173,CO,1973,55332,3.6009703,0.135,2496,3.0
174,CO,1974,60162,3.2430646,0.135,2541,3.0
175,CO,1975,61966,2.9718046,0.135,2586,3.0
176,CO,1976,64763,3.2782118,0.1575,2632,3.0
177,CO,1977,65203,3.5177798,0.18,2696,3.0
178,CO,1978,77029,3.269593,0.18,2767,3.0
179,CO,1979,81102,2.9363284,0.18,2849,3.0
180,CO,1980,79434,2.587105,0.18,2910,3.0
181,CO,1981,84718,2.3451865,0.18,2978,3.0
182,CO,1982,87579,2.2090929,0.18,3062,3.0
183,CO,1983,86398,2.1403358,0.18,3134,3.0
184,CO,1984,84373,2.051756,0.18,3170,3.5
185,CO,1985,83760,1.9812031,0.18,3209,3.25
186,CO,1986,84790,1.9450498,0.18,3237,3.0
187,CO,1987,83022,1.876562,0.18,3260,3.0
188,CO,1988,82599,1.8020071,0.18,3262,3.0
189,CO,1989,81418,1.719173,0.18,3276,3.0
190,CO,1990,77974,1.631044,0.18,3304,3.0
191,CO,1991,82471,1.5651795,0.18,3368,3.0
192,CO,1992,82075,1.51944,0.18,3460,3.0
193,CO,1993,88832,1.4752764,0.18,3561,3.0
194,CO,1994,89714,1.4384444,0.18,3654,3.0
195,CO,1995,97887,1.3988023,0.18,3738,3.0
196,CO,1996,95046,1.3586836,0.18,3813,3.0
197,CO,1997,93210,1.3282084,0.18,3891,3.0
198,CO,1998,97093,1.307837,0.18,3969,3.0
199,CO,1999,100219,1.2795765,0.18,4056,3.0
200,CO,2000,103734,1.2379643,0.18,4327,3.0
201,CO,2001,111768,1.2037123,0.18,4429,2.8999999
202,CO,2002,108599,1.1849775,0.18,4501,2.8999999
203,CO,2003,108026,1.1585732,0.18,4551,2.8999999
204,CT,1970,49680,5.720139,0.1874,3039,5.0
205,CT,1971,50381,5.480035,0.1874,3061,5.0
206,CT,1972,49282,5.309603,0.1874,3069,5.0
207,CT,1973,53187,4.99868,0.1874,3068,7.0
208,CT,1974,54753,4.501854,0.1874,3074,6.5
209,CT,1975,56234,4.1253047,0.1874,3083,6.0
210,CT,1976,55836,3.9005518,0.1874,3083,7.0
211,CT,1977,57700,3.6623995,0.1874,3086,7.0
212,CT,1978,59887,3.4040093,0.1874,3092,7.0
213,CT,1979,63255,3.057044,0.1874,3096,7.0
214,CT,1980,59251,2.6934636,0.1874,3112,7.0
215,CT,1981,59398,2.4415996,0.1874,3129,7.5
216,CT,1982,59484,2.299911,0.1874,3139,7.5
217,CT,1983,63297,2.4150121,0.2031,3162,7.5
218,CT,1984,63963,2.564695,0.225,3180,7.5
219,CT,1985,66089,2.4765036,0.225,3201,7.5
220,CT,1986,65933,2.431312,0.225,3224,7.5
221,CT,1987,67603,2.3457024,0.225,3247,7.5
222,CT,1988,66885,2.2525086,0.225,3272,7.5
223,CT,1989,64158,3.7611682,0.3938,3283,7.5
224,CT,1990,65000,4.07761,0.45,3292,8.0
225,CT,1991,61628,3.9129484,0.45,3303,8.0
226,CT,1992,60121,3.7986,0.45,3301,6.0
227,CT,1993,57094,3.6881907,0.45,3309,6.0
228,CT,1994,58687,3.5961106,0.45,3316,6.0
229,CT,1995,57739,3.4970055,0.45,3324,6.0
230,CT,1996,56369,3.3967087,0.45,3337,6.0
231,CT,1997,57055,3.3205209,0.45,3349,6.0
232,CT,1998,58076,3.2695925,0.45,3365,6.0
233,CT,1999,57183,3.198941,0.45,3386,6.0
234,CT,2000,57491,3.0949106,0.45,3412,6.0
235,CT,2001,58512,3.0092804,0.45,3433,6.0
236,CT,2002,59385,2.9624436,0.45,3459,6.0
237,CT,2003,58534,2.8964326,0.45,3483,6.0
238,DE,1970,10263,4.4320393,0.1452,550,0.0
239,DE,1971,10948,4.2460036,0.1452,565,0.0
240,DE,1972,11338,4.1139507,0.1452,573,0.0
241,DE,1973,11569,3.8730433,0.1452,578,0.0
242,DE,1974,11892,3.488096,0.1452,581,0.0
243,DE,1975,12125,3.1963408,0.1452,587,0.0
244,DE,1976,12435,3.0221992,0.1452,590,0.0
245,DE,1977,13329,2.8376756,0.1452,592,0.0
246,DE,1978,13588,2.6374717,0.1452,595,0.0
247,DE,1979,14143,2.3686383,0.1452,595,0.0
248,DE,1980,15201,2.0869312,0.1452,595,0.0
249,DE,1981,16061,1.8917836,0.1452,596,0.0
250,DE,1982,16431,1.7820015,0.1452,599,0.0
251,DE,1983,16665,1.7265376,0.1452,605,0.0
252,DE,1984,16607,1.6550831,0.1452,612,0.0
253,DE,1985,16324,1.5981704,0.1452,618,0.0
254,DE,1986,16448,1.5690068,0.1452,628,0.0
255,DE,1987,16691,1.51376,0.1452,637,0.0
256,DE,1988,16961,1.453619,0.1452,648,0.0
257,DE,1989,16769,1.3867995,0.1452,658,0.0
258,DE,1990,17215,1.9400363,0.2141,670,0.0
259,DE,1991,16962,3.0607953,0.352,683,0.0
260,DE,1992,17340,2.9713495,0.352,695,0.0
261,DE,1993,18326,2.8849847,0.352,706,0.0
262,DE,1994,18259,2.8129578,0.352,718,0.0
263,DE,1995,17004,2.7354352,0.352,730,0.0
264,DE,1996,17838,2.6569812,0.352,741,0.0
265,DE,1997,18439,2.5973852,0.352,751,0.0
266,DE,1998,18602,2.5575478,0.352,763,0.0
267,DE,1999,19379,2.5022829,0.352,775,0.0
268,DE,2000,19156,2.4209077,0.352,786,0.0
269,DE,2001,19820,2.3539262,0.352,796,0.0
270,DE,2002,20235,2.3172894,0.352,806,0.0
271,DE,2003,20390,2.265654,0.352,817,0.0
272,DC,1970,17887,4.984518,0.1633,755,6.0
273,DC,1971,17597,4.7752914,0.1633,750,6.0
274,DC,1972,17165,4.6267776,0.1633,742,6.0
275,DC,1973,17662,4.3558397,0.1633,731,6.0
276,DC,1974,17390,3.9229069,0.1633,718,6.0
277,DC,1975,17069,3.5947826,0.1633,707,6.0
278,DC,1976,16492,3.3989332,0.1633,692,6.0
279,DC,1977,16799,3.1914077,0.1633,677,6.0
280,DC,1978,17140,2.966247,0.1633,665,6.0
281,DC,1979,17383,2.6639023,0.1633,650,6.0
282,DC,1980,17663,2.347079,0.1633,638,6.0
283,DC,1981,17608,2.127605,0.1633,637,6.0
284,DC,1982,17341,2.004138,0.1633,634,6.0
285,DC,1983,17937,1.9417601,0.1633,632,6.0
286,DC,1984,18028,1.8613985,0.1633,633,6.0
287,DC,1985,17295,1.7973913,0.1633,635,6.0
288,DC,1986,17444,1.7645923,0.1633,638,6.0
289,DC,1987,16926,1.7024586,0.1633,637,6.0
290,DC,1988,16424,1.6348207,0.1633,630,6.0
291,DC,1989,16238,1.7468706,0.1829,624,6.0
292,DC,1990,16225,1.8349245,0.2025,605,6.0
293,DC,1991,16005,1.7608268,0.2025,601,8.0
294,DC,1992,17896,1.70937,0.2025,598,8.0
295,DC,1993,16721,1.6596859,0.2025,595,8.0
296,DC,1994,16371,1.6182498,0.2025,589,8.0
297,DC,1995,16072,1.5736525,0.2025,581,8.0
298,DC,1996,15013,1.528519,0.2025,572,8.0
299,DC,1997,14703,1.4942344,0.2025,568,8.0
300,DC,1998,14401,1.4713166,0.2025,565,8.0
301,DC,1999,14491,1.4395236,0.2025,570,8.0
302,DC,2000,14428,1.3927097,0.2025,571,8.0
303,DC,2001,14288,1.3541763,0.2025,573,8.0
304,DC,2002,14513,1.3330997,0.2025,569,9.0
305,DC,2003,14580,1.3033947,0.2025,563,9.0
306,FL,1970,125228,29.30274,0.96,6845,4.0
307,FL,1971,143345,28.07275,0.96,7158,4.0
308,FL,1972,159410,27.199675,0.96,7511,4.0
309,FL,1973,179240,25.606897,0.96,7914,4.0
310,FL,1974,194347,23.061792,0.96,8299,4.0
311,FL,1975,200571,21.132832,0.96,8518,4.0
312,FL,1976,199788,19.981482,0.96,8667,4.0
313,FL,1977,202474,21.106678,1.08,8856,4.0
314,FL,1978,220237,21.797287,1.2,9102,4.0
315,FL,1979,236199,19.575523,1.2,9426,4.0
316,FL,1980,252740,17.247366,1.2,9841,4.0
317,FL,1981,288515,15.634576,1.2,10193,4.0
318,FL,1982,296869,14.727285,1.2,10471,4.0
319,FL,1983,306191,15.220165,1.28,10750,5.0
320,FL,1984,297605,16.414047,1.44,11040,5.0
321,FL,1985,309001,15.849625,1.44,11351,5.0
322,FL,1986,322199,15.560398,1.44,11668,5.0
323,FL,1987,332631,15.012496,1.44,11997,5.0
324,FL,1988,339928,14.416057,1.44,12306,5.5
325,FL,1989,349367,13.753384,1.44,12638,6.0
326,FL,1990,365079,13.048352,1.44,13033,6.0
327,FL,1991,347338,12.521436,1.44,13370,6.0
328,FL,1992,360078,12.15552,1.44,13651,6.0
329,FL,1993,362830,11.802211,1.44,13927,6.0
330,FL,1994,362764,11.507555,1.44,14239,6.0
331,FL,1995,354204,11.190418,1.44,14538,6.0
332,FL,1996,368324,10.869469,1.44,14853,6.0
333,FL,1997,369357,10.625668,1.44,15186,6.0
334,FL,1998,366863,10.462696,1.44,15487,6.0
335,FL,1999,383187,10.236612,1.44,15759,6.0
336,FL,2000,388796,9.903714,1.44,16048,6.0
337,FL,2001,396235,9.629699,1.44,16355,6.0
338,FL,2002,403499,9.47982,1.44,16692,6.0
339,FL,2003,410967,9.268585,1.44,17019,6.0
340,GA,1970,58089,69.59401,2.28,4605,3.0
341,GA,1971,64879,66.67278,2.28,4712,3.0
342,GA,1972,69731,64.59923,2.28,4809,3.0
343,GA,1973,73708,60.816383,2.28,4910,3.0
344,GA,1974,79797,54.771755,2.28,4999,3.0
345,GA,1975,79305,50.190475,2.28,5064,3.0
346,GA,1976,82200,47.45602,2.28,5133,3.0
347,GA,1977,91481,44.55854,2.28,5220,3.0
348,GA,1978,98681,41.41484,2.28,5296,3.0
349,GA,1979,102939,37.193493,2.28,5401,3.0
350,GA,1980,100122,32.769997,2.28,5487,3.0
351,GA,1981,106212,29.705692,2.28,5568,3.0
352,GA,1982,109537,27.98184,2.28,5650,3.0
353,GA,1983,113960,27.11092,2.28,5728,3.0
354,GA,1984,120655,25.988907,2.28,5835,3.0
355,GA,1985,122507,25.095238,2.28,5963,3.0
356,GA,1986,129793,24.637297,2.28,6085,3.0
357,GA,1987,132740,23.769785,2.28,6208,3.0
358,GA,1988,134611,22.825422,2.28,6316,3.0
359,GA,1989,132593,21.77619,2.28,6411,3.0
360,GA,1990,139039,20.659891,2.28,6513,4.0
361,GA,1991,135287,19.825605,2.28,6653,4.0
362,GA,1992,146023,19.24624,2.28,6817,4.0
363,GA,1993,150381,18.686834,2.28,6978,4.0
364,GA,1994,147000,18.220293,2.28,7157,4.0
365,GA,1995,154592,17.71816,2.28,7328,4.0
366,GA,1996,161436,17.209991,2.28,7501,4.0
367,GA,1997,161788,16.823973,2.28,7685,4.0
368,GA,1998,167681,16.565935,2.28,7864,4.0
369,GA,1999,174292,16.207968,2.28,8046,4.0
370,GA,2000,177061,15.680881,2.28,8230,4.0
371,GA,2001,175725,15.247022,2.28,8395,4.0
372,GA,2002,181125,15.009715,2.28,8544,4.0
373,GA,2003,181575,14.675259,2.28,8685,4.0
390,HI,1986,29782,17.124895,1.8225,1052,4.0
391,HI,1987,29852,16.521904,1.8225,1068,4.0
392,HI,1988,31198,16.844849,1.935,1080,4.0
393,HI,1989,30138,16.63113,2.0025,1095,4.0
394,HI,1990,32470,15.778578,2.0025,1113,4.0
395,HI,1991,31563,15.14141,2.0025,1137,4.0
396,HI,1992,31743,14.698932,2.0025,1159,4.0
397,HI,1993,30845,14.271695,2.0025,1173,4.0
398,HI,1994,30640,13.915385,2.0025,1188,4.0
399,HI,1995,29734,13.60825,2.0138,1197,4.0
400,HI,1996,29874,13.365639,2.0363,1204,4.0
401,HI,1997,29513,13.065848,2.0363,1212,4.0
402,HI,1998,28745,12.865451,2.0363,1215,4.0
403,HI,1999,28405,12.587447,2.0363,1210,4.0
404,HI,2000,29065,12.178099,2.0363,1212,4.0
405,HI,2001,28715,11.841155,2.0363,1225,4.0
406,HI,2002,28542,11.656858,2.0363,1241,4.0
407,HI,2003,29494,11.397113,2.0363,1258,4.0
408,ID,1970,13635,10.301744,0.3375,717,3.0
409,ID,1971,14883,9.869327,0.3375,739,3.0
410,ID,1972,16465,9.562386,0.3375,763,3.0
411,ID,1973,17435,9.002425,0.3375,782,3.0
412,ID,1974,18252,8.107661,0.3375,808,3.0
413,ID,1975,20065,7.429511,0.3375,832,3.0
414,ID,1976,21180,7.0247397,0.3375,857,3.0
415,ID,1977,21607,6.595837,0.3375,883,3.0
416,ID,1978,22178,6.130487,0.3375,911,3.0
417,ID,1979,23396,5.5056157,0.3375,933,3.0
418,ID,1980,23978,4.850822,0.3375,949,3.0
419,ID,1981,24454,4.3972244,0.3375,962,3.0
420,ID,1982,23390,4.142049,0.3375,974,3.0
421,ID,1983,23572,4.0131297,0.3375,982,3.25
422,ID,1984,23155,3.8470423,0.3375,991,4.25
423,ID,1985,22479,3.7147555,0.3375,994,4.0
424,ID,1986,22526,3.6469684,0.3375,990,4.5
425,ID,1987,21972,3.5185537,0.3375,985,5.0
426,ID,1988,21124,3.3787632,0.3375,986,5.0
427,ID,1989,21195,3.2234492,0.3375,994,5.0
428,ID,1990,23048,3.0582075,0.3375,1012,5.0
429,ID,1991,23112,2.9347115,0.3375,1041,5.0
430,ID,1992,24107,2.8489501,0.3375,1072,5.0
431,ID,1993,23913,2.7661433,0.3375,1109,5.0
432,ID,1994,24289,2.697083,0.3375,1145,5.0
433,ID,1995,23400,2.622754,0.3375,1177,5.0
434,ID,1996,24477,2.5475318,0.3375,1203,5.0
435,ID,1997,24322,2.4903908,0.3375,1229,5.0
436,ID,1998,25096,2.4521945,0.3375,1252,5.0
437,ID,1999,25885,2.399206,0.3375,1276,5.0
438,ID,2000,26257,2.321183,0.3375,1300,5.0
439,ID,2001,26163,2.2569604,0.3375,1321,5.0
440,ID,2002,27140,2.221833,0.3375,1343,5.0
441,ID,2003,27427,2.1723244,0.3375,1366,5.0
442,IL,1970,220190,4.807481,0.1575,11125,4.0
443,IL,1971,224559,4.6056857,0.1575,11202,4.0
444,IL,1972,224590,4.4624467,0.1575,11252,5.0
445,IL,1973,228162,4.201132,0.1575,11251,5.0
446,IL,1974,239982,3.7835753,0.1575,11262,5.0
447,IL,1975,248694,3.4671052,0.1575,11292,5.0
448,IL,1976,252746,3.2782118,0.1575,11343,5.0
449,IL,1977,261436,3.078057,0.1575,11386,5.0
450,IL,1978,269502,2.8608937,0.1575,11413,5.0
451,IL,1979,283778,2.5692873,0.1575,11397,5.0
452,IL,1980,285405,2.2637167,0.1575,11442,5.0
453,IL,1981,288416,2.052038,0.1575,11443,5.0
454,IL,1982,284165,1.9329561,0.1575,11423,5.0
455,IL,1983,287532,1.8727938,0.1575,11409,5.0
456,IL,1984,283548,1.7952864,0.1575,11412,5.0
457,IL,1985,280361,1.7335526,0.1575,11400,6.0
458,IL,1986,285335,1.7019185,0.1575,11387,6.0
459,IL,1987,288792,1.6419917,0.1575,11391,6.0
460,IL,1988,292175,1.5767561,0.1575,11390,6.0
461,IL,1989,286154,1.5042763,0.1575,11410,6.0
462,IL,1990,290352,1.4271635,0.1575,11453,6.0
463,IL,1991,282757,1.369532,0.1575,11569,6.25
464,IL,1992,276758,1.32951,0.1575,11694,6.25
465,IL,1993,275588,1.2908669,0.1575,11810,6.25
466,IL,1994,277377,1.2586387,0.1575,11913,6.25
467,IL,1995,276297,1.2239519,0.1575,12008,6.25
468,IL,1996,271621,1.1888481,0.1575,12102,6.25
469,IL,1997,270769,1.1621823,0.1575,12186,6.25
470,IL,1998,276800,1.1443573,0.1575,12272,6.25
471,IL,1999,281042,1.1196294,0.1575,12359,6.25
472,IL,2000,282189,1.6795049,0.2442,12439,6.25
473,IL,2001,282115,1.6330364,0.2442,12517,6.25
474,IL,2002,284308,1.6076195,0.2442,12586,6.25
475,IL,2003,282370,1.5717975,0.2442,12654,6.25
476,IN,1970,84042,6.010114,0.1969,5204,2.0
477,IN,1971,85908,5.757838,0.1969,5253,2.0
478,IN,1972,86690,5.5787663,0.1969,5302,2.0
479,IN,1973,89019,5.364112,0.2011,5338,2.0
480,IN,1974,89584,5.136053,0.2138,5362,4.0
481,IN,1975,93570,4.7064576,0.2138,5366,4.0
482,IN,1976,98240,4.4500427,0.2138,5389,4.0
483,IN,1977,104618,4.1783404,0.2138,5426,4.0
484,IN,1978,110918,3.8835497,0.2138,5470,4.0
485,IN,1979,115444,3.4877055,0.2138,5501,4.0
486,IN,1980,120107,3.0729058,0.2138,5492,4.0
487,IN,1981,122389,2.9809923,0.2288,5480,4.0
488,IN,1982,123163,3.1761844,0.2588,5468,4.0
489,IN,1983,121986,3.0773273,0.2588,5450,4.0
490,IN,1984,121163,2.949969,0.2588,5458,5.0
491,IN,1985,120742,2.8485296,0.2588,5459,5.0
492,IN,1986,121355,2.7965493,0.2588,5454,5.0
493,IN,1987,121685,2.698079,0.2588,5473,5.0
494,IN,1988,121620,2.5908856,0.2588,5492,5.0
495,IN,1989,120376,2.4717886,0.2588,5524,5.0
496,IN,1990,124264,2.3450787,0.2588,5558,5.0
497,IN,1991,121058,2.2503803,0.2588,5616,5.0
498,IN,1992,117289,2.184617,0.2588,5675,5.0
499,IN,1993,116929,2.1211195,0.2588,5739,5.0
500,IN,1994,118516,2.0681632,0.2588,5794,5.0
501,IN,1995,116805,2.0111666,0.2588,5851,5.0
502,IN,1996,118596,1.953485,0.2588,5906,5.0
503,IN,1997,119194,1.9096684,0.2588,5955,5.0
504,IN,1998,119242,1.880379,0.2588,5999,5.0
505,IN,1999,124425,1.8397466,0.2588,6045,5.0
506,IN,2000,125490,1.7799175,0.2588,6092,5.0
507,IN,2001,124903,1.7306707,0.2588,6126,5.0
508,IN,2002,123836,1.7037343,0.2588,6157,5.0
509,IN,2003,122606,1.6657706,0.2588,6196,6.0
512,IA,1972,53119,8.924893,0.315,2860,3.0
513,IA,1973,56131,8.402264,0.315,2864,3.0
514,IA,1974,60997,7.5671506,0.315,2868,3.0
515,IA,1975,62601,6.9342103,0.315,2881,3.0
516,IA,1976,63996,6.5564237,0.315,2903,3.0
517,IA,1977,67393,6.156114,0.315,2914,3.0
518,IA,1978,70558,5.7217875,0.315,2918,3.0
519,IA,1979,71728,5.1385746,0.315,2916,3.0
520,IA,1980,71835,4.5274334,0.315,2916,3.0
521,IA,1981,73365,4.104076,0.315,2908,3.0
522,IA,1982,71060,3.8659122,0.315,2888,3.0
523,IA,1983,70748,3.7455876,0.315,2871,3.0
524,IA,1984,69960,3.5905728,0.315,2859,4.0
525,IA,1985,66596,3.4671052,0.315,2830,4.0
526,IA,1986,66732,4.0122056,0.3713,2792,4.0
527,IA,1987,65507,4.456835,0.4275,2767,4.0
528,IA,1988,64801,4.279767,0.4275,2768,4.0
529,IA,1989,63940,4.083036,0.4275,2771,4.0
530,IA,1990,66011,3.8737295,0.4275,2781,4.0
531,IA,1991,65549,3.7173011,0.4275,2798,4.0
532,IA,1992,65533,3.6086702,0.4275,2818,4.0
533,IA,1993,64885,3.5037813,0.4275,2837,5.0
534,IA,1994,66079,3.4163053,0.4275,2851,5.0
535,IA,1995,64823,3.3221552,0.4275,2867,5.0
536,IA,1996,66329,3.2268736,0.4275,2880,5.0
537,IA,1997,66865,3.154495,0.4275,2891,5.0
538,IA,1998,68458,3.106113,0.4275,2903,5.0
539,IA,1999,70297,3.0389943,0.4275,2918,5.0
540,IA,2000,71323,2.940165,0.4275,2929,5.0
541,IA,2001,72040,2.8588166,0.4275,2932,5.0
542,IA,2002,73300,2.8143218,0.4275,2936,5.0
543,IA,2003,73463,2.751611,0.4275,2944,5.0
546,KS,1972,36662,9.562386,0.3375,2256,4.0
547,KS,1973,37830,9.002425,0.3375,2266,4.0
548,KS,1974,42311,8.107661,0.3375,2270,4.0
549,KS,1975,44486,7.429511,0.3375,2281,4.0
550,KS,1976,45531,7.0247397,0.3375,2301,4.0
551,KS,1977,46552,7.2563977,0.3713,2321,4.0
552,KS,1978,47290,7.356584,0.405,2336,4.0
553,KS,1979,49199,6.606739,0.405,2351,4.0
554,KS,1980,51062,5.820986,0.405,2370,4.0
555,KS,1981,51683,5.276669,0.405,2385,4.0
556,KS,1982,51597,4.9704585,0.405,2401,4.0
557,KS,1983,50943,4.8157554,0.405,2416,8.0
558,KS,1984,50571,4.616451,0.405,2424,8.0
559,KS,1985,50287,4.4577065,0.405,2427,8.0
560,KS,1986,48815,4.376362,0.405,2433,8.0
561,KS,1987,48926,4.2222643,0.405,2445,8.0
562,KS,1988,48725,4.054516,0.405,2462,8.0
563,KS,1989,48725,3.868139,0.405,2473,8.0
564,KS,1990,48827,3.669849,0.405,2481,8.0
565,KS,1991,49972,3.5216537,0.405,2499,8.0
566,KS,1992,48407,3.41874,0.405,2532,8.0
567,KS,1993,48989,3.3193717,0.405,2557,8.0
568,KS,1994,50811,3.2364995,0.405,2581,8.0
569,KS,1995,48196,3.147305,0.405,2601,8.0
570,KS,1996,48698,3.057038,0.405,2615,8.0
571,KS,1997,50997,2.988469,0.405,2635,8.0
572,KS,1998,51428,2.9426332,0.405,2661,8.0
573,KS,1999,53926,2.8790472,0.405,2678,8.0
574,KS,2000,54832,2.7854195,0.405,2693,8.0
575,KS,2001,53755,2.7083526,0.405,2700,8.0
576,KS,2002,57596,2.6661994,0.405,2712,8.0
577,KS,2003,56111,2.6067894,0.405,2724,8.0
578,KY,1970,49079,5.5400496,0.1815,3231,5.0
579,KY,1971,52139,5.3075047,0.1815,3298,5.0
580,KY,1972,54099,5.142439,0.1815,3336,5.0
581,KY,1973,55946,4.8413043,0.1815,3371,5.0
582,KY,1974,57021,4.3601203,0.1815,3416,5.0
583,KY,1975,60230,3.995426,0.1815,3468,5.0
584,KY,1976,59481,3.777749,0.1815,3529,5.0
585,KY,1977,70755,3.5470946,0.1815,3574,5.0
586,KY,1978,64414,3.2968395,0.1815,3610,5.0
587,KY,1979,67467,2.9607978,0.1815,3642,5.0
588,KY,1980,68336,2.608664,0.1815,3665,5.0
589,KY,1981,71854,2.3647296,0.1815,3670,5.0
590,KY,1982,72970,2.2275019,0.1815,3683,5.0
591,KY,1983,73099,2.158172,0.1815,3694,5.0
592,KY,1984,68633,2.0688539,0.1815,3695,5.0
593,KY,1985,70041,1.997713,0.1815,3695,5.0
594,KY,1986,71702,1.9612585,0.1815,3688,5.0
595,KY,1987,67736,1.8922,0.1815,3683,5.0
596,KY,1988,71473,1.8170238,0.1815,3680,5.0
597,KY,1989,71336,1.7334994,0.1815,3677,5.0
598,KY,1990,73696,1.644636,0.1815,3694,5.0
599,KY,1991,73511,1.5782226,0.1815,3722,6.0
600,KY,1992,69753,1.5321021,0.1815,3765,6.0
601,KY,1993,73290,1.4875703,0.1815,3812,6.0
602,KY,1994,74073,1.4504313,0.1815,3849,6.0
603,KY,1995,73764,1.4104589,0.1815,3887,6.0
604,KY,1996,74050,1.370006,0.1815,3920,6.0
605,KY,1997,75226,1.3392768,0.1815,3953,6.0
606,KY,1998,76272,1.3187357,0.1815,3985,6.0
607,KY,1999,77257,1.2902397,0.1815,4018,6.0
608,KY,2000,78055,1.2482806,0.1815,4049,6.0
609,KY,2001,76460,1.2137432,0.1815,4067,6.0
610,KY,2002,79605,1.1948524,0.1815,4090,6.0
611,KY,2003,76440,1.1682279,0.1815,4118,6.0
612,LA,1970,68578,25.456755,0.834,3650,2.0
613,LA,1971,68724,24.388203,0.834,3710,3.0
614,LA,1972,72811,23.629717,0.834,3762,3.0
615,LA,1973,75935,22.245993,0.834,3788,3.0
616,LA,1974,79194,20.034931,0.834,3820,3.0
617,LA,1975,81524,18.359148,0.834,3886,3.0
618,LA,1976,81681,17.358912,0.834,3951,3.0
619,LA,1977,85026,16.299046,0.834,4014,3.0
620,LA,1978,90409,15.149114,0.834,4069,3.0
621,LA,1979,92529,13.604988,0.834,4138,3.0
622,LA,1980,100112,11.986919,0.834,4227,3.0
623,LA,1981,108029,10.86603,0.834,4283,3.0
624,LA,1982,110041,10.235463,0.834,4353,3.0
625,LA,1983,107497,9.916889,0.834,4395,3.0
626,LA,1984,106300,9.506469,0.834,4400,3.0
627,LA,1985,103059,9.179574,0.834,4408,4.0
628,LA,1986,106708,9.012064,0.834,4407,4.0
629,LA,1987,103346,8.694737,0.834,4344,4.0
630,LA,1988,108532,8.349299,0.834,4289,4.0
631,LA,1989,106895,7.965501,0.834,4253,4.0
632,LA,1990,111375,7.5571704,0.834,4222,4.0
633,LA,1991,110777,7.251998,0.834,4253,4.0
634,LA,1992,114436,7.040072,0.834,4293,4.0
635,LA,1993,113850,6.835447,0.834,4316,4.0
636,LA,1994,108956,6.6647916,0.834,4347,4.0
637,LA,1995,117808,6.481117,0.834,4379,4.0
638,LA,1996,114793,6.2952337,0.834,4399,4.0
639,LA,1997,116143,6.154032,0.834,4421,4.0
640,LA,1998,116816,6.0596447,0.834,4440,4.0
641,LA,1999,120389,5.9287043,0.834,4461,4.0
642,LA,2000,117937,5.735901,0.834,4469,4.0
643,LA,2001,117788,5.5772,0.834,4466,4.0
644,LA,2002,105295,5.4903955,0.834,4476,4.0
645,LA,2003,112891,5.3680553,0.834,4496,4.0
646,ME,1970,19981,17.169575,0.5625,997,5.0
647,ME,1971,21206,16.448877,0.5625,1015,5.0
648,ME,1972,22347,15.937309,0.5625,1034,5.0
649,ME,1973,23431,15.004042,0.5625,1046,5.0
650,ME,1974,24638,13.512769,0.5625,1059,5.0
651,ME,1975,25914,12.382519,0.5625,1072,5.0
652,ME,1976,25954,11.707899,0.5625,1088,5.0
653,ME,1977,25691,10.993061,0.5625,1104,5.0
654,ME,1978,24824,10.217478,0.5625,1114,5.0
655,ME,1979,24915,9.176026,0.5625,1123,5.0
656,ME,1980,26048,8.0847025,0.5625,1128,5.0
657,ME,1981,24790,7.817288,0.6,1133,5.0
658,ME,1982,26110,8.284098,0.675,1137,5.0
659,ME,1983,26786,8.026259,0.675,1145,5.0
660,ME,1984,25656,7.6940846,0.675,1156,5.0
661,ME,1985,26786,7.429511,0.675,1163,5.0
662,ME,1986,26942,7.9023046,0.7313,1170,5.0
663,ME,1987,26872,8.209959,0.7875,1185,5.0
664,ME,1988,27649,7.883781,0.7875,1204,5.0
665,ME,1989,27434,7.521382,0.7875,1220,5.0
666,ME,1990,26577,7.1358175,0.7875,1232,5.0
667,ME,1991,26149,6.84766,0.7875,1237,5.0
668,ME,1992,25735,6.6475506,0.7875,1239,6.0
669,ME,1993,25478,6.4543343,0.7875,1242,6.0
670,ME,1994,25178,6.293194,0.7875,1243,6.0
671,ME,1995,26198,6.1197596,0.7875,1243,6.0
672,ME,1996,26432,5.9442406,0.7875,1249,6.0
673,ME,1997,26134,5.8109117,0.7875,1255,6.0
674,ME,1998,26046,5.721787,0.7875,1259,6.0
675,ME,1999,26745,5.5981474,0.7875,1267,5.5
676,ME,2000,27370,5.416094,0.7875,1277,5.5
677,ME,2001,28328,5.266241,0.7875,1285,5.0
678,ME,2002,29363,5.1842766,0.7875,1295,5.0
679,ME,2003,30150,5.0687575,0.7875,1306,5.0
680,MD,1970,82602,4.120698,0.135,3938,4.0
681,MD,1971,83812,3.9477308,0.135,4018,4.0
682,MD,1972,83732,3.8249545,0.135,4074,4.0
683,MD,1973,87821,5.401455,0.2025,4098,4.0
684,MD,1974,92354,4.864597,0.2025,4119,4.0
685,MD,1975,94861,4.4577065,0.2025,4139,4.0
686,MD,1976,95136,4.2148438,0.2025,4151,4.0
687,MD,1977,98677,3.9575021,0.2025,4170,4.0
688,MD,1978,102824,3.678292,0.2025,4184,5.0
689,MD,1979,105480,3.3033695,0.2025,4191,5.0
690,MD,1980,106088,2.910493,0.2025,4227,5.0
691,MD,1981,105882,2.6383345,0.2025,4262,5.0
692,MD,1982,97624,2.4852293,0.2025,4283,5.0
693,MD,1983,104020,2.4078777,0.2025,4313,5.0
694,MD,1984,102856,2.3082254,0.2025,4365,5.0
695,MD,1985,104036,2.2288532,0.2025,4413,5.0
696,MD,1986,103547,2.188181,0.2025,4487,5.0
697,MD,1987,105649,2.1111321,0.2025,4566,5.0
698,MD,1988,104103,2.027258,0.2025,4658,5.0
699,MD,1989,101930,1.9340695,0.2025,4727,5.0
700,MD,1990,104108,1.8349245,0.2025,4800,5.0
701,MD,1991,99280,1.7608268,0.2025,4868,5.0
702,MD,1992,96549,1.70937,0.2025,4923,5.0
703,MD,1993,96952,1.6596859,0.2025,4972,5.0
704,MD,1994,97113,1.6182498,0.2025,5023,5.0
705,MD,1995,95400,1.5736525,0.2025,5070,5.0
706,MD,1996,94627,1.528519,0.2025,5112,5.0
707,MD,1997,95792,1.4942344,0.2025,5157,5.0
708,MD,1998,96852,1.4713166,0.2025,5204,5.0
709,MD,1999,97210,1.4395236,0.2025,5255,5.0
710,MD,2000,97754,1.3927097,0.2025,5312,5.0
711,MD,2001,101436,1.3541763,0.2025,5383,5.0
712,MD,2002,102737,1.3330997,0.2025,5451,5.0
713,MD,2003,101107,1.3033947,0.2025,5509,5.0
714,MA,1970,107655,6.062004,0.1986,5704,3.0
715,MA,1971,110110,5.80755,0.1986,5738,3.0
716,MA,1972,113369,5.6269326,0.1986,5760,3.0
717,MA,1973,123668,5.297427,0.1986,5781,3.0
718,MA,1974,130389,4.7709084,0.1986,5774,3.0
719,MA,1975,133138,4.8231287,0.2191,5758,3.0
720,MA,1976,131830,4.9849634,0.2395,5744,3.0
721,MA,1977,137042,4.680601,0.2395,5738,5.0
722,MA,1978,141496,4.350375,0.2395,5736,5.0
723,MA,1979,144225,3.906948,0.2395,5738,5.0
724,MA,1980,151983,3.4422867,0.2395,5743,5.0
725,MA,1981,151300,3.1204007,0.2395,5769,5.0
726,MA,1982,142754,2.9393206,0.2395,5771,5.0
727,MA,1983,144181,2.8478358,0.2395,5799,5.0
728,MA,1984,138070,2.7299752,0.2395,5841,5.0
729,MA,1985,139030,2.6361005,0.2395,5881,5.0
730,MA,1986,140923,2.5879967,0.2395,5903,5.0
731,MA,1987,138965,2.49687,0.2395,5935,5.0
732,MA,1988,139528,2.3976705,0.2395,5980,5.0
733,MA,1989,136583,2.287455,0.2395,6015,5.0
734,MA,1990,133706,2.1701946,0.2395,6023,5.0
735,MA,1991,129794,2.0825582,0.2395,6018,5.0
736,MA,1992,122631,2.0216994,0.2395,6029,5.0
737,MA,1993,124806,1.9629371,0.2395,6061,5.0
738,MA,1994,125105,1.91393,0.2395,6095,5.0
739,MA,1995,124707,1.861184,0.2395,6141,5.0
740,MA,1996,127075,1.807804,0.2395,6180,5.0
741,MA,1997,127402,1.7672551,0.2395,6226,5.0
742,MA,1998,129459,1.7401497,0.2395,6272,5.0
743,MA,1999,124764,1.7025476,0.2395,6317,5.0
744,MA,2000,133990,1.6471802,0.2395,6362,5.0
745,MA,2001,130932,1.601606,0.2395,6400,5.0
746,MA,2002,131923,1.5766784,0.2395,6422,5.0
747,MA,2003,129179,1.5415459,0.2395,6433,5.0
748,MI,1970,193944,13.958483,0.4573,8897,4.0
749,MI,1971,195328,13.372572,0.4573,8974,4.0
750,MI,1972,201363,12.956678,0.4573,9029,4.0
751,MI,1973,209687,12.197953,0.4573,9078,4.0
752,MI,1974,212142,10.985581,0.4573,9118,4.0
753,MI,1975,218353,10.066712,0.4573,9118,4.0
754,MI,1976,220906,9.518262,0.4573,9129,4.0
755,MI,1977,225773,8.937115,0.4573,9171,4.0
756,MI,1978,226062,8.306582,0.4573,9218,4.0
757,MI,1979,217830,7.4599056,0.4573,9266,4.0
758,MI,1980,215111,6.572684,0.4573,9256,4.0
759,MI,1981,213930,5.958076,0.4573,9209,4.0
760,MI,1982,214705,5.612323,0.4573,9115,4.0
761,MI,1983,214925,5.437642,0.4573,9048,4.0
762,MI,1984,210473,5.2125998,0.4573,9049,4.0
763,MI,1985,209576,5.033356,0.4573,9076,4.0
764,MI,1986,214912,4.941507,0.4573,9128,4.0
765,MI,1987,215038,4.76751,0.4573,9187,4.0
766,MI,1988,214646,4.5780993,0.4573,9218,4.0
767,MI,1989,210798,4.3676543,0.4573,9253,4.0
768,MI,1990,218289,4.143758,0.4573,9311,4.0
769,MI,1991,214854,3.9764254,0.4573,9400,4.0
770,MI,1992,209458,3.8602219,0.4573,9479,4.0
771,MI,1993,210621,3.7480216,0.4573,9540,4.0
772,MI,1994,207374,3.6544476,0.4573,9598,5.0
773,MI,1995,205397,3.5537348,0.4573,9676,6.0
774,MI,1996,206990,3.451811,0.4573,9759,6.0
775,MI,1997,202667,3.3743873,0.4573,9809,6.0
776,MI,1998,208797,3.3226326,0.4573,9848,6.0
777,MI,1999,208268,3.2508352,0.4573,9897,6.0
778,MI,2000,209608,3.145117,0.4573,9956,6.0
779,MI,2001,211181,3.0580978,0.4573,10005,6.0
780,MI,2002,208634,3.0105011,0.4573,10043,6.0
781,MI,2003,210882,2.9434192,0.4573,10080,6.0
784,MN,1972,71296,8.225069,0.2903,3870,4.0
785,MN,1973,78501,7.7434196,0.2903,3889,4.0
786,MN,1974,84131,6.97379,0.2903,3904,4.0
787,MN,1975,86499,6.3904805,0.2903,3933,4.0
788,MN,1976,88504,6.042317,0.2903,3965,4.0
789,MN,1977,89833,5.673397,0.2903,3989,4.0
790,MN,1978,91822,5.273127,0.2903,4015,4.0
791,MN,1979,96277,4.7356453,0.2903,4050,4.0
792,MN,1980,99517,4.1724253,0.2903,4085,4.0
793,MN,1981,100290,3.7822645,0.2903,4112,4.0
794,MN,1982,98896,3.5627759,0.2903,4131,5.0
795,MN,1983,99992,3.4518862,0.2903,4141,8.5
796,MN,1984,98036,3.3090265,0.2903,4158,8.5
797,MN,1985,96422,3.1952403,0.2903,4184,8.5
798,MN,1986,97041,3.136933,0.2903,4205,8.5
799,MN,1987,98593,3.2537498,0.3121,4235,8.5
800,MN,1988,98589,3.3427231,0.3339,4296,8.5
801,MN,1989,98078,3.1890657,0.3339,4338,8.5
802,MN,1990,101354,3.0255866,0.3339,4390,8.5
803,MN,1991,100396,2.9034078,0.3339,4441,8.5
804,MN,1992,98360,2.8185613,0.3339,4496,8.5
805,MN,1993,99065,2.7366376,0.3339,4556,8.5
806,MN,1994,102637,2.6683142,0.3339,4610,8.5
807,MN,1995,101742,2.594778,0.3339,4660,8.5
808,MN,1996,104404,2.520358,0.3339,4713,8.5
809,MN,1997,104045,2.4638267,0.3339,4763,8.5
810,MN,1998,108143,2.4260375,0.3339,4813,8.5
811,MN,1999,106645,2.3736143,0.3339,4873,8.5
812,MN,2000,108478,2.2964237,0.3339,4934,8.5
813,MN,2001,111173,2.2328863,0.3339,4985,8.5
814,MN,2002,112735,2.1981332,0.3339,5025,8.5
815,MN,2003,110741,2.149153,0.3339,5059,8.5
816,MS,1970,28648,29.3119,0.9603,2221,5.0
817,MS,1971,32566,28.081524,0.9603,2265,5.0
818,MS,1972,34663,27.208176,0.9603,2307,5.0
819,MS,1973,36663,25.6149,0.9603,2350,5.0
820,MS,1974,38868,23.069,0.9603,2378,5.0
821,MS,1975,39013,21.139437,0.9603,2399,5.0
822,MS,1976,39624,19.987726,0.9603,2430,5.0
823,MS,1977,42563,18.767355,0.9603,2459,5.0
824,MS,1978,46428,17.44328,0.9603,2488,5.0
825,MS,1979,46494,15.665312,0.9603,2507,5.0
826,MS,1980,47882,13.802205,0.9603,2527,5.0
827,MS,1981,50779,12.511569,0.9603,2539,5.0
828,MS,1982,50987,11.78551,0.9603,2557,5.0
829,MS,1983,51882,11.418692,0.9603,2568,5.0
830,MS,1984,52251,10.946118,0.9603,2578,5.5
831,MS,1985,53805,11.183891,1.0161,2588,6.0
832,MS,1986,56419,11.41528,1.0564,2594,6.0
833,MS,1987,56609,10.011458,0.9603,2589,6.0
834,MS,1988,57391,9.613708,0.9603,2580,6.0
835,MS,1989,56647,9.171787,0.9603,2574,6.0
836,MS,1990,59871,8.70162,0.9603,2579,6.0
837,MS,1991,59364,8.350232,0.9603,2599,6.0
838,MS,1992,61512,8.106213,0.9603,2624,6.0
839,MS,1993,63281,7.8705997,0.9603,2655,7.0
840,MS,1994,59968,7.6741004,0.9603,2689,7.0
841,MS,1995,64624,7.46261,0.9603,2723,7.0
842,MS,1996,66057,7.248577,0.9603,2748,7.0
843,MS,1997,66745,7.085992,0.9603,2777,7.0
844,MS,1998,68686,6.9773107,0.9603,2805,7.0
845,MS,1999,71842,6.8265405,0.9603,2828,7.0
846,MS,2000,71823,6.6045394,0.9603,2848,7.0
847,MS,2001,70287,6.421805,0.9603,2858,7.0
848,MS,2002,70948,6.321855,0.9603,2867,7.0
849,MS,2003,71325,6.1809874,0.9603,2881,7.0
852,MO,1972,90158,3.8249545,0.135,4759,3.0
853,MO,1973,92781,3.6009703,0.135,4783,3.0
854,MO,1974,96242,3.2430646,0.135,4796,3.0
855,MO,1975,99794,2.9718046,0.135,4808,3.0
856,MO,1976,99764,2.809896,0.135,4839,3.0
857,MO,1977,104091,2.6383348,0.135,4863,3.0
858,MO,1978,112137,2.4521947,0.135,4889,3.125
859,MO,1979,118213,2.2022464,0.135,4912,3.125
860,MO,1980,121027,1.9403287,0.135,4923,3.125
861,MO,1981,122554,1.7588898,0.135,4932,3.125
862,MO,1982,120724,1.6568196,0.135,4929,3.125
863,MO,1983,120419,1.6052519,0.135,4944,3.35
864,MO,1984,118942,1.5388169,0.135,4975,4.125
865,MO,1985,118877,1.4859023,0.135,5000,4.125
866,MO,1986,123056,1.4587873,0.135,5023,4.225
867,MO,1987,123762,1.4074216,0.135,5057,4.225
868,MO,1988,121986,1.3515053,0.135,5082,4.225
869,MO,1989,122308,1.2893797,0.135,5096,4.225
870,MO,1990,124578,1.223283,0.135,5129,4.425
871,MO,1991,123144,1.1738846,0.135,5171,4.225
872,MO,1992,123289,1.1395801,0.135,5217,4.225
873,MO,1993,124395,1.1064574,0.135,5271,4.225
874,MO,1994,128393,1.0788332,0.135,5325,4.225
875,MO,1995,125303,1.0491017,0.135,5378,4.225
876,MO,1996,126254,1.0190127,0.135,5432,4.225
877,MO,1997,127040,0.99615633,0.135,5481,4.225
878,MO,1998,130325,0.9808778,0.135,5522,4.225
879,MO,1999,133462,0.9596824,0.135,5562,4.23
880,MO,2000,135246,0.92847323,0.135,5606,4.23
881,MO,2001,135846,0.9027842,0.135,5636,4.23
882,MO,2002,150234,0.88873315,0.135,5670,4.23
883,MO,2003,137037,0.8689298,0.135,5704,4.23
884,MT,1970,17179,6.6480594,0.2178,697,0.0
885,MT,1971,17946,6.3690057,0.2178,711,0.0
886,MT,1972,17988,6.1709266,0.2178,719,0.0
887,MT,1973,19990,5.809565,0.2178,727,0.0
888,MT,1974,20948,5.450751,0.2269,736,0.0
889,MT,1975,21193,5.192953,0.2359,748,0.0
890,MT,1976,23016,4.9100327,0.2359,757,0.0
891,MT,1977,24108,5.143776,0.2632,770,0.0
892,MT,1978,24592,5.2749434,0.2904,782,0.0
893,MT,1979,24948,4.7372766,0.2904,787,0.0
894,MT,1980,24787,4.1738625,0.2904,789,0.0
895,MT,1981,26033,3.7835672,0.2904,795,0.0
896,MT,1982,25200,3.564003,0.2904,804,0.0
897,MT,1983,25231,3.4530752,0.2904,814,0.0
898,MT,1984,24222,3.3101661,0.2904,821,0.0
899,MT,1985,22933,3.3163135,0.3013,822,0.0
900,MT,1986,22417,3.3725,0.3121,814,0.0
901,MT,1987,22017,3.2537498,0.3121,805,0.0
902,MT,1988,22236,3.12448,0.3121,800,0.0
903,MT,1989,21916,2.9808547,0.3121,800,0.0
904,MT,1990,22230,2.828049,0.3121,800,0.0
905,MT,1991,22660,2.7138472,0.3121,810,0.0
906,MT,1992,22820,2.63454,0.3121,826,0.0
907,MT,1993,22015,2.5579653,0.3121,845,0.0
908,MT,1994,23711,2.4941025,0.3121,861,0.0
909,MT,1995,23057,2.4253676,0.3121,877,0.0
910,MT,1996,23491,2.3558064,0.3121,886,0.0
911,MT,1997,23761,2.3029656,0.3121,890,0.0
912,MT,1998,24093,2.267644,0.3121,892,0.0
913,MT,1999,25067,2.2186434,0.3121,898,0.0
914,MT,2000,25257,2.1464925,0.3121,903,0.0
915,MT,2001,25882,2.0871031,0.3121,906,0.0
916,MT,2002,26807,2.0546193,0.3121,910,0.0
917,MT,2003,26100,2.008837,0.3121,918,0.0
918,NE,1970,31183,6.181047,0.2025,1488,2.5
919,NE,1971,33508,5.921596,0.2025,1505,2.5
920,NE,1972,32124,5.7374315,0.2025,1519,2.5
921,NE,1973,34952,6.0016165,0.225,1530,2.5
922,NE,1974,36113,5.4051075,0.225,1539,2.5
923,NE,1975,36449,4.953007,0.225,1543,2.5
924,NE,1976,37431,4.68316,0.225,1551,2.625
925,NE,1977,39450,4.6532407,0.2381,1557,3.0
926,NE,1978,40389,4.4956903,0.2475,1564,3.25
927,NE,1979,41572,4.1597986,0.255,1567,3.0
928,NE,1980,42764,3.8806574,0.27,1573,3.0
929,NE,1981,43192,3.7132115,0.285,1579,3.0
930,NE,1982,41536,3.8659122,0.315,1582,3.333
931,NE,1983,41589,3.7455876,0.315,1584,3.75
932,NE,1984,40406,3.5905728,0.315,1589,3.625
933,NE,1985,39110,3.839131,0.3488,1585,3.5
934,NE,1986,38822,4.862624,0.45,1574,3.5
935,NE,1987,39155,4.8675933,0.4669,1567,4.0
936,NE,1988,38665,5.18077,0.5175,1571,4.0
937,NE,1989,38809,4.9426217,0.5175,1575,4.0
938,NE,1990,38905,4.6892514,0.5175,1582,4.5
939,NE,1991,38936,4.499891,0.5175,1596,5.0
940,NE,1992,38706,4.36839,0.5175,1612,5.0
941,NE,1993,38924,4.2414193,0.5175,1626,5.0
942,NE,1994,40050,4.135527,0.5175,1639,5.0
943,NE,1995,39341,4.0215564,0.5175,1657,5.0
944,NE,1996,39978,3.9062152,0.5175,1674,5.0
945,NE,1997,40276,3.818599,0.5175,1686,5.0
946,NE,1998,41857,3.7600312,0.5175,1696,4.75
947,NE,1999,43009,3.6787822,0.5175,1705,4.75
948,NE,2000,43943,3.5591471,0.5175,1713,5.0
949,NE,2001,43795,3.4606726,0.5175,1719,5.0
950,NE,2002,44679,3.4068103,0.5175,1728,5.125
951,NE,2003,44219,3.3308973,0.5175,1739,5.5
952,NV,1970,13620,4.120698,0.135,493,3.0
953,NV,1971,14492,3.9477308,0.135,520,3.0
954,NV,1972,15880,3.8249545,0.135,547,3.0
955,NV,1973,17493,3.6009703,0.135,569,3.0
956,NV,1974,19037,3.2430646,0.135,597,3.5
957,NV,1975,19899,2.9718046,0.135,620,3.5
958,NV,1976,21313,2.809896,0.135,647,3.0
959,NV,1977,23451,2.6383348,0.135,678,3.0
960,NV,1978,25352,2.4521947,0.135,719,3.0
961,NV,1979,27918,2.2022464,0.135,765,3.5
962,NV,1980,29672,1.9403287,0.135,810,3.5
963,NV,1981,31344,1.7588898,0.135,848,3.5
964,NV,1982,31230,1.6568196,0.135,882,5.75
965,NV,1983,31494,2.0737476,0.1744,902,5.75
966,NV,1984,32614,2.3082254,0.2025,925,5.75
967,NV,1985,33439,2.2288532,0.2025,951,5.75
968,NV,1986,35782,2.188181,0.2025,981,5.75
969,NV,1987,36850,2.1111321,0.2025,1023,5.75
970,NV,1988,39957,2.027258,0.2025,1075,5.75
971,NV,1989,43018,1.9340695,0.2025,1137,5.75
972,NV,1990,46587,1.8349245,0.2025,1221,5.75
973,NV,1991,46997,1.7608268,0.2025,1296,5.75
974,NV,1992,48314,1.70937,0.2025,1351,6.3125
975,NV,1993,48677,1.6596859,0.2025,1411,6.5
976,NV,1994,51333,1.6182498,0.2025,1499,6.5
977,NV,1995,52520,1.5736525,0.2025,1582,6.5
978,NV,1996,56460,1.528519,0.2025,1666,6.5
979,NV,1997,57686,1.4942344,0.2025,1764,6.5
980,NV,1998,59159,1.4713166,0.2025,1853,6.5
981,NV,1999,62261,1.4395236,0.2025,1935,6.5
982,NV,2000,64055,1.3927097,0.2025,2018,6.5
983,NV,2001,66407,1.3541763,0.2025,2095,6.5
984,NV,2002,66969,1.3330997,0.2025,2167,6.5
985,NV,2003,69712,1.3033947,0.2025,2241,6.5
986,NH,1970,20079,8.241396,0.27,742,0.0
987,NH,1971,22200,7.8954616,0.27,762,0.0
988,NH,1972,22877,7.649909,0.27,781,0.0
989,NH,1973,25242,7.2019405,0.27,801,0.0
990,NH,1974,26906,6.4861293,0.27,816,0.0
991,NH,1975,26828,6.68766,0.3038,829,0.0
992,NH,1976,26902,7.0247397,0.3375,845,0.0
993,NH,1977,27793,6.595837,0.3375,870,0.0
994,NH,1978,30136,6.130487,0.3375,892,0.0
995,NH,1979,30813,5.5056157,0.3375,909,0.0
996,NH,1980,31387,4.850822,0.3375,924,0.0
997,NH,1981,31301,4.8375983,0.3713,937,0.0
998,NH,1982,32001,4.9704585,0.405,948,0.0
999,NH,1983,37088,5.8859234,0.495,958,0.0
1000,NH,1984,34822,7.6940846,0.675,977,0.0
1001,NH,1985,35661,7.429511,0.675,997,0.0
1002,NH,1986,35596,7.2939367,0.675,1025,0.0
1003,NH,1987,36631,7.0371075,0.675,1054,0.0
1004,NH,1988,36969,6.7575264,0.675,1083,0.0
1005,NH,1989,36858,6.4468985,0.675,1105,0.0
1006,NH,1990,36470,6.8811936,0.7594,1112,0.0
1007,NH,1991,36403,6.3589764,0.7313,1110,0.0
1008,NH,1992,35771,5.6979003,0.675,1118,0.0
1009,NH,1993,36412,5.5322866,0.675,1129,0.0
1010,NH,1994,35198,5.394166,0.675,1143,0.0
1011,NH,1995,35630,5.245508,0.675,1158,0.0
1012,NH,1996,36123,5.0950637,0.675,1175,0.0
1013,NH,1997,36662,4.9807816,0.675,1189,0.0
1014,NH,1998,36896,4.904389,0.675,1206,0.0
1015,NH,1999,38265,4.798412,0.675,1222,0.0
1016,NH,2000,39001,4.642366,0.675,1240,0.0
1017,NH,2001,39520,4.513921,0.675,1259,0.0
1018,NH,2002,40034,4.443666,0.675,1274,0.0
1019,NH,2003,40500,4.344649,0.675,1288,0.0
1020,NJ,1970,138322,2.2862244,0.0749,7190,3.0
1021,NJ,1971,139962,2.1902595,0.0749,7281,5.0
1022,NJ,1972,137527,2.1221414,0.0749,7335,5.0
1023,NJ,1973,143510,1.9978716,0.0749,7333,5.0
1024,NJ,1974,145106,1.7993003,0.0749,7332,5.0
1025,NJ,1975,146074,1.6488012,0.0749,7338,5.0
1026,NJ,1976,144018,1.5589719,0.0749,7340,5.0
1027,NJ,1977,148254,1.4637872,0.0749,7337,5.0
1028,NJ,1978,151871,1.3605139,0.0749,7351,5.0
1029,NJ,1979,154758,1.2218388,0.0749,7367,5.0
1030,NJ,1980,161110,1.0765231,0.0749,7376,5.0
1031,NJ,1981,161645,0.9758581,0.0749,7407,5.0
1032,NJ,1982,163071,0.919228,0.0749,7431,5.0
1033,NJ,1983,163219,0.89061755,0.0749,7468,6.0
1034,NJ,1984,161942,0.85375845,0.0749,7515,6.0
1035,NJ,1985,161540,0.8244006,0.0749,7566,6.0
1036,NJ,1986,163564,0.8093568,0.0749,7622,6.0
1037,NJ,1987,164728,0.7808583,0.0749,7671,6.0
1038,NJ,1988,161339,0.7498352,0.0749,7712,6.0
1039,NJ,1989,158485,0.71536696,0.0749,7726,6.0
1040,NJ,1990,162454,1.3592033,0.15,7763,6.0
1041,NJ,1991,154525,1.9564742,0.225,7815,7.0
1042,NJ,1992,151772,2.08923,0.2475,7881,7.0
1043,NJ,1993,152645,2.2129147,0.27,7949,6.0
1044,NJ,1994,149770,2.1576664,0.27,8014,6.0
1045,NJ,1995,148915,2.0982034,0.27,8083,6.0
1046,NJ,1996,145996,2.0380254,0.27,8150,6.0
1047,NJ,1997,144225,1.9923127,0.27,8219,6.0
1048,NJ,1998,144840,1.9617556,0.27,8287,6.0
1049,NJ,1999,144382,1.9193648,0.27,8360,6.0
1050,NJ,2000,144883,1.8569465,0.27,8432,6.0
1051,NJ,2001,149895,1.8055685,0.27,8504,6.0
1052,NJ,2002,150428,1.7774663,0.27,8575,6.0
1053,NJ,2003,146835,1.7378596,0.27,8638,6.0
1054,NM,1970,18665,5.494264,0.18,1023,4.0
1055,NM,1971,20613,5.263641,0.18,1054,4.0
1056,NM,1972,23264,5.0999393,0.18,1079,4.0
1057,NM,1973,23880,4.801294,0.18,1106,4.0
1058,NM,1974,27704,4.324086,0.18,1131,4.0
1059,NM,1975,27939,3.9624062,0.18,1160,4.0
1060,NM,1976,30208,3.746528,0.18,1189,4.0
1061,NM,1977,32722,3.5177798,0.18,1216,4.0
1062,NM,1978,34246,3.269593,0.18,1238,4.0
1063,NM,1979,35595,2.9363284,0.18,1285,3.75
1064,NM,1980,36419,2.587105,0.18,1310,3.75
1065,NM,1981,38916,2.4924119,0.1913,1333,3.75
1066,NM,1982,39550,2.4852293,0.2025,1364,3.5
1067,NM,1983,40482,3.612411,0.3038,1394,3.5
1068,NM,1984,41229,4.616451,0.405,1417,3.75
1069,NM,1985,41621,4.4577065,0.405,1438,3.75
1070,NM,1986,41335,4.376362,0.405,1463,3.75
1071,NM,1987,41494,4.2222643,0.405,1479,4.75
1072,NM,1988,41804,4.054516,0.405,1490,4.75
1073,NM,1989,42497,3.868139,0.405,1504,4.75
1074,NM,1990,43377,3.669849,0.405,1522,4.75
1075,NM,1991,43237,3.5216537,0.405,1555,5.0
1076,NM,1992,42280,3.41874,0.405,1595,5.0
1077,NM,1993,42591,4.887263,0.5963,1636,5.0
1078,NM,1994,41971,6.8326106,0.855,1682,5.0
1079,NM,1995,46138,7.1688614,0.9225,1720,5.0
1080,NM,1996,46564,6.9632535,0.9225,1752,5.0
1081,NM,1997,45963,6.807068,0.9225,1775,5.0
1082,NM,1998,45918,6.702665,0.9225,1793,5.0
1083,NM,1999,47563,6.5578294,0.9225,1808,5.0
1084,NM,2000,48624,6.344567,0.9225,1822,5.0
1085,NM,2001,49500,6.1690254,0.9225,1829,5.0
1086,NM,2002,49871,6.07301,0.9225,1852,5.0
1087,NM,2003,50655,5.937687,0.9225,1875,5.0
1088,NY,1970,357617,3.0523689,0.1,18272,3.0
1089,NY,1971,357646,2.9242449,0.1,18358,3.0
1090,NY,1972,353893,2.8332996,0.1,18339,4.0
1091,NY,1973,359001,2.6673853,0.1,18177,4.0
1092,NY,1974,364337,2.40227,0.1,18050,4.0
1093,NY,1975,362978,2.2013366,0.1,18003,4.0
1094,NY,1976,358567,2.0814044,0.1,17941,4.0
1095,NY,1977,371623,1.9543221,0.1,17813,4.0
1096,NY,1978,371329,1.8164405,0.1,17681,4.0
1097,NY,1979,381029,1.6312935,0.1,17584,4.0
1098,NY,1980,400491,1.4372805,0.1,17565,4.0
1099,NY,1981,395584,1.3028814,0.1,17568,4.0
1100,NY,1982,400138,1.2272737,0.1,17590,4.0
1101,NY,1983,394026,1.3769493,0.1158,17687,4.0
1102,NY,1984,368111,1.4111521,0.1238,17746,4.0
1103,NY,1985,369214,1.3626274,0.1238,17792,4.0
1104,NY,1986,362738,1.337762,0.1238,17833,4.0
1105,NY,1987,370987,1.2906576,0.1238,17869,4.0
1106,NY,1988,371362,1.2393804,0.1238,17941,4.0
1107,NY,1989,359860,1.9703633,0.2063,17983,4.0
1108,NY,1990,367567,3.601889,0.3975,18021,4.0
1109,NY,1991,354515,4.108596,0.4725,18123,4.0
1110,NY,1992,341310,3.9885302,0.4725,18247,4.0
1111,NY,1993,328600,3.8726003,0.4725,18375,4.0
1112,NY,1994,324105,3.775916,0.4725,18459,4.0
1113,NY,1995,323642,3.0159729,0.3881,18524,4.0
1114,NY,1996,321030,2.7173672,0.36,18588,4.0
1115,NY,1997,312992,2.656417,0.36,18657,4.0
1116,NY,1998,315657,2.615674,0.36,18756,4.0
1117,NY,1999,314368,2.559153,0.36,18883,4.0
1118,NY,2000,313158,2.0890646,0.30375,18997,4.0
1119,NY,2001,328286,2.0312645,0.30375,19075,4.0
1120,NY,2002,327636,1.8515273,0.28125,19134,4.0
1121,NY,2003,322431,1.8102704,0.28125,19190,4.0
1122,NC,1970,59386,36.628426,1.2,5099,3.0
1123,NC,1971,66203,35.09094,1.2,5204,3.0
1124,NC,1972,69684,33.999596,1.2,5301,3.0
1125,NC,1973,77354,32.008625,1.2,5390,3.0
1126,NC,1974,84951,28.827242,1.2,5471,3.0
1127,NC,1975,88211,26.41604,1.2,5547,3.0
1128,NC,1976,92933,24.976852,1.2,5608,3.0
1129,NC,1977,96452,23.451864,1.2,5686,3.0
1130,NC,1978,102181,21.797287,1.2,5759,3.0
1131,NC,1979,105632,19.575523,1.2,5823,3.0
1132,NC,1980,114099,17.247366,1.2,5898,3.0
1133,NC,1981,115335,15.634576,1.2,5957,3.0
1134,NC,1982,114183,14.727285,1.2,6019,3.0
1135,NC,1983,119478,14.268906,1.2,6077,3.0
1136,NC,1984,121873,13.678373,1.2,6164,3.0
1137,NC,1985,123214,13.20802,1.2,6254,3.0
1138,NC,1986,126841,12.966999,1.2,6322,3.0
1139,NC,1987,127989,12.510414,1.2,6404,3.0
1140,NC,1988,130245,12.013381,1.2,6481,3.0
1141,NC,1989,133314,11.461153,1.2,6565,3.0
1142,NC,1990,138677,10.873627,1.2,6664,3.0
1143,NC,1991,136059,10.43453,1.2,6784,3.0
1144,NC,1992,141844,10.129601,1.2,6897,4.0
1145,NC,1993,144898,9.835176,1.2,7043,4.0
1146,NC,1994,147309,9.589629,1.2,7187,4.0
1147,NC,1995,147366,9.325348,1.2,7345,4.0
1148,NC,1996,154430,9.057891,1.2,7501,4.0
1149,NC,1997,158271,8.854723,1.2,7657,4.0
1150,NC,1998,158927,8.718914,1.2,7809,4.0
1151,NC,1999,165398,8.53051,1.2,7949,4.0
1152,NC,2000,173293,8.213225,1.1942029,8078,4.0
1153,NC,2001,180968,7.9859815,1.1942029,8195,4.0
1154,NC,2002,186075,7.8616867,1.1942029,8306,4.0
1155,NC,2003,182250,7.686507,1.1942029,8407,4.5
1156,ND,1970,12038,10.988528,0.36,619,4.0
1157,ND,1971,12831,10.527282,0.36,627,4.0
1158,ND,1972,13199,10.199879,0.36,631,4.0
1159,ND,1973,13483,9.602588,0.36,633,4.0
1160,ND,1974,14179,8.648172,0.36,635,4.0
1161,ND,1975,14893,7.9248123,0.36,639,4.0
1162,ND,1976,15524,7.493056,0.36,646,4.0
1163,ND,1977,15153,7.0355597,0.36,650,4.0
1164,ND,1978,16426,6.539186,0.36,651,3.0
1165,ND,1979,16625,5.872657,0.36,653,3.0
1166,ND,1980,17229,5.17421,0.36,655,3.0
1167,ND,1981,17421,4.690373,0.36,660,3.0
1168,ND,1982,17554,4.4181857,0.36,669,3.0
1169,ND,1983,17379,4.2806716,0.36,677,5.0
1170,ND,1984,16570,4.103512,0.36,681,5.0
1171,ND,1985,15687,3.9624062,0.36,677,5.0
1172,ND,1986,15509,3.8900995,0.36,670,5.0
1173,ND,1987,15635,3.753124,0.36,661,5.0
1174,ND,1988,15973,3.6040142,0.36,655,7.0
1175,ND,1989,15777,3.438346,0.36,646,7.0
1176,ND,1990,16355,3.262088,0.36,638,7.0
1177,ND,1991,15864,3.130359,0.36,636,7.0
1178,ND,1992,15472,3.03888,0.36,638,7.0
1179,ND,1993,15448,2.9505527,0.36,641,7.0
1180,ND,1994,15800,2.8768888,0.36,645,7.0
1181,ND,1995,15898,2.7976046,0.36,648,7.0
1182,ND,1996,17112,2.7173672,0.36,650,7.0
1183,ND,1997,16280,2.656417,0.36,650,7.0
1184,ND,1998,17349,2.615674,0.36,648,7.0
1185,ND,1999,17338,2.559153,0.36,644,7.0
1186,ND,2000,17018,2.4759285,0.36,641,7.0
1187,ND,2001,16982,2.4074247,0.36,636,7.0
1188,ND,2002,17489,2.369955,0.36,634,7.0
1189,ND,2003,17920,2.3171463,0.36,634,7.0
1190,OH,1970,209830,10.988528,0.36,10669,4.0
1191,OH,1971,209719,10.527282,0.36,10735,4.0
1192,OH,1972,208787,10.199879,0.36,10747,4.0
1193,OH,1973,217720,9.602588,0.36,10767,4.0
1194,OH,1974,218891,8.648172,0.36,10766,4.0
1195,OH,1975,225835,7.9248123,0.36,10770,4.0
1196,OH,1976,227224,7.493056,0.36,10753,4.0
1197,OH,1977,215853,7.0355597,0.36,10771,4.0
1198,OH,1978,223037,6.539186,0.36,10796,4.0
1199,OH,1979,254283,5.872657,0.36,10798,4.0
1200,OH,1980,262800,5.17421,0.36,10803,4.0
1201,OH,1981,254784,4.690373,0.36,10788,4.0
1202,OH,1982,265012,4.4181857,0.36,10757,4.0
1203,OH,1983,256889,4.2806716,0.36,10738,5.0
1204,OH,1984,267528,4.103512,0.36,10738,5.0
1205,OH,1985,259933,3.9624062,0.36,10735,5.0
1206,OH,1986,251563,3.8900995,0.36,10730,5.0
1207,OH,1987,258237,3.753124,0.36,10760,5.0
1208,OH,1988,257704,3.6040142,0.36,10799,5.0
1209,OH,1989,260695,3.438346,0.36,10829,5.0
1210,OH,1990,258980,3.262088,0.36,10864,5.0
1211,OH,1991,258087,3.130359,0.36,10946,5.0
1212,OH,1992,257415,3.03888,0.36,11029,5.0
1213,OH,1993,254701,2.9505527,0.36,11101,5.0
1214,OH,1994,259045,2.8768888,0.36,11152,5.0
1215,OH,1995,254317,3.133317,0.4032,11203,5.0
1216,OH,1996,260599,3.043451,0.4032,11243,5.0
1217,OH,1997,257204,2.9751868,0.4032,11277,5.0
1218,OH,1998,265079,2.929555,0.4032,11312,5.0
1219,OH,1999,266374,2.8662512,0.4032,11335,5.0
1220,OH,2000,263287,2.7730398,0.4032,11363,5.0
1221,OH,2001,271125,2.6963155,0.4032,11386,5.0
1222,OH,2002,274140,2.6543496,0.4032,11409,5.0
1223,OH,2003,273375,2.5952036,0.4032,11436,5.0
1224,OK,1970,33200,22.160198,0.726,2567,2.0
1225,OK,1971,35000,21.230019,0.726,2619,2.0
1226,OK,1972,38245,20.569756,0.726,2659,2.0
1227,OK,1973,41044,19.365217,0.726,2696,2.0
1228,OK,1974,44328,17.440481,0.726,2735,2.0
1229,OK,1975,46537,15.981704,0.726,2775,2.0
1230,OK,1976,48064,15.110996,0.726,2827,2.0
1231,OK,1977,52097,14.188378,0.726,2870,2.0
1232,OK,1978,53596,13.187358,0.726,2917,2.0
1233,OK,1979,53305,11.843191,0.726,2975,2.0
1234,OK,1980,56998,10.434656,0.726,3043,2.0
1235,OK,1981,61829,9.458919,0.726,3096,2.0
1236,OK,1982,64679,8.910007,0.726,3206,2.0
1237,OK,1983,59914,8.632688,0.726,3290,2.0
1238,OK,1984,57511,9.825631,0.862,3286,2.0
1239,OK,1985,59596,9.986363,0.9073,3271,3.0
1240,OK,1986,60364,9.8041315,0.9073,3253,3.25
1241,OK,1987,59591,9.458915,0.9073,3210,3.25
1242,OK,1988,59292,9.083117,0.9073,3167,4.0
1243,OK,1989,59395,8.665586,0.9073,3150,4.0
1244,OK,1990,61817,8.221368,0.9073,3149,4.0
1245,OK,1991,60888,7.889374,0.9073,3175,4.5
1246,OK,1992,63943,7.658822,0.9073,3221,4.5
1247,OK,1993,63410,7.4362125,0.9073,3252,4.5
1248,OK,1994,66504,7.2505584,0.9073,3281,4.5
1249,OK,1995,64241,7.0507402,0.9073,3308,4.5
1250,OK,1996,64771,6.84852,0.9073,3340,4.5
1251,OK,1997,65561,6.694908,0.9073,3373,4.5
1252,OK,1998,67617,6.592225,0.9073,3405,4.5
1253,OK,1999,68060,6.449776,0.9073,3437,4.5
1254,OK,2000,69346,6.2400274,0.9073,3454,4.5
1255,OK,2001,68594,6.0673785,0.9073,3467,4.5
1256,OK,2002,69663,5.9729447,0.9073,3490,4.5
1257,OK,2003,66861,5.839852,0.9073,3512,4.5
1258,OR,1970,40798,2.8814363,0.0944,2100,0.0
1259,OR,1971,43433,2.7604873,0.0944,2151,0.0
1260,OR,1972,45650,2.674635,0.0944,2197,0.0
1261,OR,1973,46200,2.5180118,0.0944,2242,0.0
1262,OR,1974,49082,2.2677429,0.0944,2285,0.0
1263,OR,1975,50649,2.3378196,0.1062,2330,0.0
1264,OR,1976,52730,2.945187,0.1415,2378,0.0
1265,OR,1977,55511,2.9959757,0.1533,2447,0.0
1266,OR,1978,57845,3.4276233,0.1887,2518,0.0
1267,OR,1979,61702,3.078251,0.1887,2588,0.0
1268,OR,1980,63374,2.7121484,0.1887,2642,0.0
1269,OR,1981,64226,2.458537,0.1887,2668,0.0
1270,OR,1982,62041,2.3158655,0.1887,2665,0.0
1271,OR,1983,61457,2.2437854,0.1887,2653,0.0
1272,OR,1984,60361,2.1509242,0.1887,2667,0.0
1273,OR,1985,59293,2.076961,0.1887,2673,0.0
1274,OR,1986,60758,2.0390606,0.1887,2684,0.0
1275,OR,1987,61539,1.9672625,0.1887,2701,0.0
1276,OR,1988,62666,1.8891041,0.1887,2741,0.0
1277,OR,1989,63514,1.8022664,0.1887,2791,0.0
1278,OR,1990,66615,1.7098778,0.1887,2860,0.0
1279,OR,1991,66336,1.6408298,0.1887,2929,0.0
1280,OR,1992,68209,1.5928797,0.1887,2992,0.0
1281,OR,1993,67415,1.5465814,0.1887,3060,0.0
1282,OR,1994,68276,1.5079691,0.1887,3121,0.0
1283,OR,1995,69158,1.466411,0.1887,3184,0.0
1284,OR,1996,71380,1.4243534,0.1887,3247,0.0
1285,OR,1997,70741,1.3924052,0.1887,3304,0.0
1286,OR,1998,72528,1.3710492,0.1887,3352,0.0
1287,OR,1999,73905,1.3414227,0.1887,3394,0.0
1288,OR,2000,74313,1.2977992,0.1887,3431,0.0
1289,OR,2001,76383,1.2618917,0.1887,3473,0.0
1290,OR,2002,77511,1.2422515,0.1887,3520,0.0
1291,OR,2003,77369,1.2145708,0.1887,3560,0.0
1292,PA,1970,248341,5.494264,0.18,11812,6.0
1293,PA,1971,253364,5.263641,0.18,11886,6.0
1294,PA,1972,255074,5.0999393,0.18,11908,6.0
1295,PA,1973,261673,4.801294,0.18,11891,6.0
1296,PA,1974,265549,4.324086,0.18,11871,6.0
1297,PA,1975,273997,3.9624062,0.18,11906,6.0
1298,PA,1976,274432,3.746528,0.18,11897,6.0
1299,PA,1977,281100,3.5177798,0.18,11894,6.0
1300,PA,1978,285731,3.269593,0.18,11879,6.0
1301,PA,1979,298147,2.9363284,0.18,11888,6.0
1302,PA,1980,308461,2.587105,0.18,11873,6.0
1303,PA,1981,304065,2.3451865,0.18,11859,6.0
1304,PA,1982,308097,2.2090929,0.18,11845,6.0
1305,PA,1983,303042,2.1403358,0.18,11838,6.0
1306,PA,1984,296774,2.051756,0.18,11815,6.0
1307,PA,1985,294804,1.9812031,0.18,11771,6.0
1308,PA,1986,299808,1.9450498,0.18,11783,6.0
1309,PA,1987,299912,1.876562,0.18,11811,6.0
1310,PA,1988,303085,1.8020071,0.18,11846,6.0
1311,PA,1989,296136,1.719173,0.18,11866,6.0
1312,PA,1990,306239,1.631044,0.18,11903,6.0
1313,PA,1991,294477,1.5651795,0.18,11982,6.0
1314,PA,1992,282305,1.51944,0.18,12049,6.0
1315,PA,1993,285850,1.4752764,0.18,12120,6.0
1316,PA,1994,281581,1.4384444,0.18,12166,6.0
1317,PA,1995,264795,1.3988023,0.18,12198,6.0
1318,PA,1996,269542,1.3586836,0.18,12220,6.0
1319,PA,1997,265867,1.3282084,0.18,12228,6.0
1320,PA,1998,269034,1.307837,0.18,12246,6.0
1321,PA,1999,267927,1.2795765,0.18,12264,6.0
1322,PA,2000,270006,1.2379643,0.18,12285,6.0
1323,PA,2001,295988,1.2037123,0.18,12298,6.0
1324,PA,2002,303975,1.1849775,0.18,12329,6.0
1325,PA,2003,331190,1.1585732,0.18,12365,6.0
1326,RI,1970,20360,5.6865635,0.18630001,951,5.0
1327,RI,1971,20690,5.4478683,0.18630001,963,5.0
1328,RI,1972,22186,5.278437,0.18630001,975,5.0
1329,RI,1973,21898,4.969339,0.18630001,976,5.0
1330,RI,1974,22203,4.475429,0.18630001,951,5.0
1331,RI,1975,22677,4.1010904,0.18630001,943,5.0
1332,RI,1976,22535,3.8776565,0.18630001,946,5.0
1333,RI,1977,22852,3.640902,0.18630001,950,6.0
1334,RI,1978,23453,3.3840287,0.18630001,952,6.0
1335,RI,1979,24344,3.0391,0.18630001,950,6.0
1336,RI,1980,25077,2.6776538,0.18630001,949,6.0
1337,RI,1981,23529,2.427268,0.18630001,953,6.0
1338,RI,1982,23371,2.286411,0.18630001,954,6.0
1339,RI,1983,25800,2.2152476,0.18630001,956,6.0
1340,RI,1984,24155,2.1235673,0.18630001,962,6.0
1341,RI,1985,24880,2.0505452,0.18630001,969,6.0
1342,RI,1986,25152,2.0131266,0.18630001,977,6.0
1343,RI,1987,25221,1.9422418,0.18630001,990,6.0
1344,RI,1988,25152,1.8650774,0.18630001,996,6.0
1345,RI,1989,24783,2.128909,0.2229,1001,6.0
1346,RI,1990,24113,2.3514218,0.2595,1006,6.0
1347,RI,1991,24365,2.2564669,0.2595,1011,7.0
1348,RI,1992,22784,2.190526,0.2595,1013,7.0
1349,RI,1993,22363,2.1268568,0.2595,1015,7.0
1350,RI,1994,22541,2.0737572,0.2595,1016,7.0
1351,RI,1995,21936,2.0166066,0.2595,1017,7.0
1352,RI,1996,21448,1.9587687,0.2595,1021,7.0
1353,RI,1997,22599,1.9148337,0.2595,1025,7.0
1354,RI,1998,21330,1.885465,0.2595,1031,7.0
1355,RI,1999,21501,1.8447227,0.2595,1040,7.0
1356,RI,2000,21988,1.7847317,0.2595,1051,7.0
1357,RI,2001,22914,1.7353518,0.2595,1059,7.0
1358,RI,2002,22785,1.7083426,0.2595,1068,7.0
1359,RI,2003,22204,1.6702762,0.2595,1076,7.0
1360,SC,1970,32897,52.744934,1.728,2598,4.0
1361,SC,1971,36498,50.530952,1.728,2662,4.0
1362,SC,1972,40087,48.959415,1.728,2719,4.0
1363,SC,1973,44376,46.09242,1.728,2777,4.0
1364,SC,1974,48676,41.511227,1.728,2845,4.0
1365,SC,1975,50962,38.039097,1.728,2902,4.0
1366,SC,1976,53324,35.966667,1.728,2944,4.0
1367,SC,1977,56894,33.770687,1.728,2992,4.0
1368,SC,1978,59436,31.388092,1.728,3044,4.0
1369,SC,1979,62493,28.188753,1.728,3090,4.0
1370,SC,1980,65664,24.836208,1.728,3135,4.0
1371,SC,1981,68394,22.51379,1.728,3179,4.0
1372,SC,1982,68711,21.20729,1.728,3208,4.0
1373,SC,1983,71285,20.547224,1.728,3234,4.0
1374,SC,1984,72591,19.696857,1.728,3272,4.0
1375,SC,1985,73966,19.019548,1.728,3303,5.0
1376,SC,1986,77302,18.672478,1.728,3343,5.0
1377,SC,1987,80644,18.014996,1.728,3381,5.0
1378,SC,1988,83081,17.299269,1.728,3412,5.0
1379,SC,1989,84388,16.50406,1.728,3457,5.0
1380,SC,1990,89170,15.658023,1.728,3501,5.0
1381,SC,1991,84669,15.0257225,1.728,3570,5.0
1382,SC,1992,85768,14.586625,1.728,3620,5.0
1383,SC,1993,88229,14.162653,1.728,3663,5.0
1384,SC,1994,90604,13.809066,1.728,3705,5.0
1385,SC,1995,91597,13.428501,1.728,3749,5.0
1386,SC,1996,93873,13.043363,1.728,3796,5.0
1387,SC,1997,96207,12.7508,1.728,3860,5.0
1388,SC,1998,99267,12.555236,1.728,3919,5.0
1389,SC,1999,101782,12.283935,1.728,3975,5.0
1390,SC,2000,104116,11.884457,1.728,4023,5.0
1391,SC,2001,105525,11.555637,1.728,4060,5.0
1392,SC,2002,108000,11.375785,1.728,4104,5.0
1393,SC,2003,103058,11.122302,1.728,4147,5.0
1394,SD,1970,9993,18.05476,0.5915,667,4.0
1395,SD,1971,10685,17.296907,0.5915,671,4.0
1396,SD,1972,11426,16.758966,0.5915,677,4.0
1397,SD,1973,11749,16.05766,0.602,679,4.0
1398,SD,1974,12225,14.461665,0.602,680,4.0
1399,SD,1975,12605,13.252047,0.602,681,4.0
1400,SD,1976,13308,12.530054,0.602,686,4.0
1401,SD,1977,13727,11.765018,0.602,688,4.0
1402,SD,1978,14276,10.934972,0.602,689,4.0
1403,SD,1979,14673,9.820387,0.602,688,4.0
1404,SD,1980,15507,8.652429,0.602,691,4.0
1405,SD,1981,15568,7.843345,0.602,690,4.0
1406,SD,1982,15335,7.388188,0.602,691,4.0
1407,SD,1983,15642,7.158234,0.602,693,4.0
1408,SD,1984,15343,6.861984,0.602,697,4.0
1409,SD,1985,14800,6.6260233,0.602,698,4.0
1410,SD,1986,15011,6.5051107,0.602,696,4.0
1411,SD,1987,15215,6.354247,0.6095,696,4.0
1412,SD,1988,15003,6.1768794,0.617,698,5.0
1413,SD,1989,15473,5.8929424,0.617,697,4.0
1414,SD,1990,16275,5.590856,0.617,697,4.0
1415,SD,1991,16512,5.365087,0.617,704,4.0
1416,SD,1992,16801,5.2083025,0.617,713,4.0
1417,SD,1993,16809,5.0569196,0.617,722,4.0
1418,SD,1994,17530,4.9306674,0.617,731,4.0
1419,SD,1995,17269,4.794783,0.617,738,4.0
1420,SD,1996,17789,4.657265,0.617,742,4.0
1421,SD,1997,17776,4.552803,0.617,744,4.0
1422,SD,1998,18655,4.4829745,0.617,746,4.0
1423,SD,1999,18955,4.3861036,0.617,750,4.0
1424,SD,2000,19349,4.2434664,0.617,756,4.0
1425,SD,2001,19800,4.126058,0.617,758,4.0
1426,SD,2002,20475,4.0618396,0.617,760,4.0
1427,SD,2003,20700,3.971331,0.617,764,4.0
1428,TN,1970,56240,7.5332465,0.2468,3937,3.0
1429,TN,1971,62180,7.2170367,0.2468,4014,3.0
1430,TN,1972,65465,6.9925833,0.2468,4095,3.5
1431,TN,1973,70858,6.583107,0.2468,4147,3.5
1432,TN,1974,74854,5.9288025,0.2468,4214,3.5
1433,TN,1975,77850,5.432899,0.2468,4276,3.5
1434,TN,1976,77597,5.136906,0.2468,4347,3.5
1435,TN,1977,81994,4.823267,0.2468,4423,4.5
1436,TN,1978,87522,4.482975,0.2468,4486,4.5
1437,TN,1979,87646,4.0260324,0.2468,4560,4.5
1438,TN,1980,88757,3.5472083,0.2468,4603,4.5
1439,TN,1981,92479,3.4513326,0.2649,4628,4.5
1440,TN,1982,92421,3.4731846,0.283,4646,4.5
1441,TN,1983,91262,3.3650835,0.283,4660,4.5
1442,TN,1984,92719,3.225816,0.283,4687,4.5
1443,TN,1985,94415,3.1148913,0.283,4715,5.5
1444,TN,1986,100384,3.0580504,0.283,4739,5.5
1445,TN,1987,101866,2.9503725,0.283,4783,5.5
1446,TN,1988,105267,2.8331554,0.283,4822,5.5
1447,TN,1989,104120,2.7029219,0.283,4854,5.5
1448,TN,1990,106589,2.5643635,0.283,4894,5.5
1449,TN,1991,105856,2.4608097,0.283,4967,5.5
1450,TN,1992,109001,2.3888974,0.283,5050,5.5
1451,TN,1993,110246,2.3194623,0.283,5138,6.0
1452,TN,1994,111033,2.261554,0.283,5231,6.0
1453,TN,1995,112235,2.1992278,0.283,5327,6.0
1454,TN,1996,114468,2.1361525,0.283,5417,6.0
1455,TN,1997,114549,2.0882387,0.283,5499,6.0
1456,TN,1998,119222,2.0562103,0.283,5570,6.0
1457,TN,1999,122535,2.0117786,0.283,5639,6.0
1458,TN,2000,124041,1.9463549,0.283,5703,6.0
1459,TN,2001,117000,1.8925031,0.283,5746,6.0
1460,TN,2002,121950,1.863048,0.283,5790,6.0
1461,TN,2003,133923,2.0009172,0.31086957,5842,7.0
1462,TX,1970,236125,11.333446,0.3713,11237,3.25
1463,TX,1971,253171,10.857721,0.3713,11510,3.25
1464,TX,1972,266795,10.520041,0.3713,11759,4.0
1465,TX,1973,282354,9.904002,0.3713,12020,4.0
1466,TX,1974,305184,8.919629,0.3713,12269,4.0
1467,TX,1975,321737,8.173563,0.3713,12569,4.0
1468,TX,1976,331232,7.728255,0.3713,12904,4.0
1469,TX,1977,354055,7.2563977,0.3713,13193,4.0
1470,TX,1978,376924,6.744444,0.3713,13500,4.0
1471,TX,1979,401739,6.056993,0.3713,13888,4.0
1472,TX,1980,430180,5.3366227,0.3713,14339,4.0
1473,TX,1981,464031,4.8375983,0.3713,14746,4.0
1474,TX,1982,478758,4.5568676,0.3713,15331,4.0
1475,TX,1983,463463,4.415037,0.3713,15752,4.0
1476,TX,1984,475603,4.444331,0.3899,16007,4.0
1477,TX,1985,470081,4.903477,0.4455,16273,4.125
1478,TX,1986,475542,4.8139977,0.4455,16561,4.125
1479,TX,1987,461986,4.6444907,0.4455,16622,4.125
1480,TX,1988,460060,4.459967,0.4455,16667,6.0
1481,TX,1989,468126,4.254953,0.4455,16807,6.0
1482,TX,1990,479825,4.036834,0.4455,17057,6.0
1483,TX,1991,476166,3.8738189,0.4455,17398,6.25
1484,TX,1992,502494,3.760614,0.4455,17760,6.25
1485,TX,1993,499200,3.6513088,0.4455,18162,6.25
1486,TX,1994,510671,3.5601494,0.4455,18564,6.25
1487,TX,1995,507913,3.4620352,0.4455,18959,6.25
1488,TX,1996,519248,3.3627417,0.4455,19340,6.25
1489,TX,1997,525261,3.2873156,0.4455,19740,6.25
1490,TX,1998,531579,3.2368965,0.4455,20158,6.25
1491,TX,1999,546353,3.1669517,0.4455,20558,6.25
1492,TX,2000,556051,3.0639615,0.4455,20949,6.25
1493,TX,2001,557425,2.9791877,0.4455,21341,6.25
1494,TX,2002,563150,2.9328194,0.4455,21737,6.25
1495,TX,2003,558837,2.8674684,0.4455,22119,6.25
1496,UT,1970,12215,6.86783,0.225,1066,4.0
1497,UT,1971,12961,6.5795507,0.225,1101,4.0
1498,UT,1972,13920,6.3749237,0.225,1135,4.5
1499,UT,1973,14919,6.0016165,0.225,1170,4.5
1500,UT,1974,16633,5.4051075,0.225,1200,4.5
1501,UT,1975,17045,4.953007,0.225,1236,4.5
1502,UT,1976,18233,4.68316,0.225,1275,4.75
1503,UT,1977,19570,4.3972244,0.225,1320,4.75
1504,UT,1978,19957,4.086991,0.225,1368,4.75
1505,UT,1979,20804,3.6704104,0.225,1420,4.75
1506,UT,1980,21882,3.233881,0.225,1473,4.75
1507,UT,1981,23737,3.413549,0.262,1515,4.75
1508,UT,1982,24187,3.6695485,0.299,1558,4.75
1509,UT,1983,21783,6.5244565,0.5487,1595,4.75
1510,UT,1984,22149,9.1006775,0.7984,1622,5.625
1511,UT,1985,22656,8.787736,0.7984,1643,5.625
1512,UT,1986,22792,8.627376,0.7984,1663,5.625
1513,UT,1987,21850,8.323595,0.7984,1678,5.09375
1514,UT,1988,21584,7.9929023,0.7984,1689,5.09375
1515,UT,1989,21680,7.625487,0.7984,1706,5.09375
1516,UT,1990,21859,7.2345862,0.7984,1731,5.09375
1517,UT,1991,22692,6.94244,0.7984,1780,5.0
1518,UT,1992,23502,6.7395606,0.7984,1837,5.0
1519,UT,1993,24018,6.54367,0.7984,1898,5.0
1520,UT,1994,24558,6.3802996,0.7984,1960,5.0
1521,UT,1995,24151,6.2044644,0.7984,2014,4.875
1522,UT,1996,26452,6.0265164,0.7984,2068,4.875
1523,UT,1997,26707,5.8913417,0.7984,2120,4.875
1524,UT,1998,26418,5.8009834,0.7984,2166,4.75
1525,UT,1999,29072,5.6756325,0.7984,2203,4.75
1526,UT,2000,28797,5.491059,0.7984,2243,4.75
1527,UT,2001,28980,5.3391323,0.7984,2280,4.75
1528,UT,2002,29925,5.2560334,0.7984,2319,4.75
1529,UT,2003,30150,5.138915,0.7984,2351,4.75
1530,VT,1970,9906,17.169575,0.5625,446,3.0
1531,VT,1971,11083,16.448877,0.5625,454,3.0
1532,VT,1972,11549,15.937309,0.5625,463,3.0
1533,VT,1973,11142,15.004042,0.5625,468,3.0
1534,VT,1974,10830,13.512769,0.5625,473,3.0
1535,VT,1975,11308,12.382519,0.5625,480,3.0
1536,VT,1976,11605,11.707899,0.5625,485,3.0
1537,VT,1977,11798,10.993061,0.5625,492,3.0
1538,VT,1978,12957,10.217478,0.5625,498,3.0
1539,VT,1979,13502,9.176026,0.5625,505,3.0
1540,VT,1980,12864,8.0847025,0.5625,513,3.0
1541,VT,1981,13518,7.5488944,0.5794,516,3.0
1542,VT,1982,13552,7.3182335,0.5963,519,3.0
1543,VT,1983,14193,7.090457,0.5963,523,4.0
1544,VT,1984,13943,6.7970114,0.5963,527,4.0
1545,VT,1985,14217,6.5632854,0.5963,530,4.0
1546,VT,1986,14943,6.4435177,0.5963,534,4.0
1547,VT,1987,15229,6.216633,0.5963,540,4.0
1548,VT,1988,15048,5.969649,0.5963,550,4.0
1549,VT,1989,14720,5.6952376,0.5963,558,4.0
1550,VT,1990,14686,5.4032865,0.5963,565,4.0
1551,VT,1991,14189,5.1850915,0.5963,569,4.0
1552,VT,1992,13650,5.0335674,0.5963,573,5.0
1553,VT,1993,13674,4.887263,0.5963,578,5.0
1554,VT,1994,13818,4.7652464,0.5963,584,5.0
1555,VT,1995,13327,4.6339207,0.5963,589,5.0
1556,VT,1996,13708,4.5010166,0.5963,594,5.0
1557,VT,1997,13238,4.400059,0.5963,597,5.0
1558,VT,1998,13515,4.3325734,0.5963,600,5.0
1559,VT,1999,13496,4.2389526,0.5963,605,5.0
1560,VT,2000,13656,4.1011004,0.5963,610,5.0
1561,VT,2001,14490,3.9876313,0.5963,613,5.0
1562,VT,2002,15075,3.9255672,0.5963,616,5.0
1563,VT,2003,15188,3.8380952,0.5963,619,5.0
1564,VA,1970,84553,14.65137,0.48,4660,3.0
1565,VA,1971,81473,14.036375,0.48,4751,3.0
1566,VA,1972,77534,13.599837,0.48,4824,4.0
1567,VA,1973,84386,12.803449,0.48,4901,4.0
1568,VA,1974,91820,11.530896,0.48,4971,4.0
1569,VA,1975,96931,10.566416,0.48,5047,4.0
1570,VA,1976,98331,11.489352,0.552,5122,4.0
1571,VA,1977,105831,12.312228,0.63,5193,4.0
1572,VA,1978,110713,11.552561,0.636,5270,4.0
1573,VA,1979,113745,10.375027,0.636,5308,4.0
1574,VA,1980,116676,9.141104,0.636,5368,4.0
1575,VA,1981,119133,8.2863245,0.636,5444,4.0
1576,VA,1982,142535,7.805461,0.636,5493,4.0
1577,VA,1983,146351,7.5625196,0.636,5565,4.0
1578,VA,1984,148151,7.2495375,0.636,5644,4.0
1579,VA,1985,149715,7.0002503,0.636,5715,4.0
1580,VA,1986,159091,6.872509,0.636,5812,4.0
1581,VA,1987,148506,6.630519,0.636,5932,4.0
1582,VA,1988,142399,6.367091,0.636,6037,4.5
1583,VA,1989,134680,6.074411,0.636,6120,4.5
1584,VA,1990,139422,5.763022,0.636,6212,4.5
1585,VA,1991,135339,5.5303006,0.636,6297,4.5
1586,VA,1992,143707,5.368688,0.636,6410,4.5
1587,VA,1993,143868,5.212643,0.636,6505,4.5
1588,VA,1994,141893,5.082503,0.636,6589,4.5
1589,VA,1995,137229,4.9424343,0.636,6666,4.5
1590,VA,1996,137097,4.8006816,0.636,6746,4.5
1591,VA,1997,138220,4.6930027,0.636,6825,4.5
1592,VA,1998,145634,4.621024,0.636,6897,4.5
1593,VA,1999,147953,4.52117,0.636,6996,4.5
1594,VA,2000,148362,4.3741403,0.636,7105,4.5
1595,VA,2001,149086,4.2531166,0.636,7193,4.5
1596,VA,2002,151121,4.18692,0.636,7288,4.5
1597,VA,2003,151706,4.0936246,0.636,7386,4.5
1598,WA,1970,66838,3.3240297,0.1089,3417,4.5
1599,WA,1971,70009,3.1845028,0.1089,3448,4.5
1600,WA,1972,70895,3.0854633,0.1089,3448,5.0
1601,WA,1973,75385,2.9047825,0.1089,3479,5.0
1602,WA,1974,79661,2.6160722,0.1089,3550,5.0
1603,WA,1975,82225,2.3972557,0.1089,3621,5.0
1604,WA,1976,85126,2.2666495,0.1089,3694,5.0
1605,WA,1977,87647,2.1282568,0.1089,3776,5.1
1606,WA,1978,92335,1.9781038,0.1089,3889,5.1
1607,WA,1979,97714,1.7764788,0.1089,4018,4.6
1608,WA,1980,110426,1.5651985,0.1089,4155,4.5
1609,WA,1981,102845,1.9386873,0.1488,4236,4.5
1610,WA,1982,99530,2.3833656,0.1942,4277,4.5
1611,WA,1983,97601,2.4007435,0.2019,4300,5.4
1612,WA,1984,94794,2.3013864,0.2019,4344,6.5
1613,WA,1985,94676,2.2222493,0.2019,4400,6.5
1614,WA,1986,97451,2.1816976,0.2019,4453,6.5
1615,WA,1987,99376,2.104877,0.2019,4532,6.5
1616,WA,1988,100933,2.0212512,0.2019,4640,6.5
1617,WA,1989,104217,2.7373052,0.2866,4746,6.5
1618,WA,1990,109067,3.1451964,0.3471,4903,6.5
1619,WA,1991,108347,3.0181875,0.3471,5026,6.5
1620,WA,1992,113618,2.9299867,0.3471,5161,6.5
1621,WA,1993,110142,3.1308641,0.382,5279,6.5
1622,WA,1994,111982,3.3307977,0.4168,5375,6.5
1623,WA,1995,110516,3.6423254,0.4687,5481,6.5
1624,WA,1996,111326,3.92886,0.5205,5570,6.5
1625,WA,1997,112384,3.840736,0.5205,5675,6.5
1626,WA,1998,114627,4.255209,0.5856522,5770,6.5
1627,WA,1999,114135,4.1632595,0.5856522,5843,6.5
1628,WA,2000,115148,4.027869,0.5856522,5911,6.5
1629,WA,2001,115425,3.916426,0.5856522,5993,6.5
1630,WA,2002,117788,3.8554702,0.5856522,6067,6.5
1631,WA,2003,116550,3.76956,0.5856522,6131,6.5
1632,WV,1970,25117,12.185056,0.3992,1747,3.0
1633,WV,1971,26169,11.673585,0.3992,1771,3.0
1634,WV,1972,26475,11.310532,0.3992,1798,3.0
1635,WV,1973,27569,10.648202,0.3992,1806,3.0
1636,WV,1974,27964,9.589862,0.3992,1815,3.0
1637,WV,1975,28779,8.787736,0.3992,1842,3.0
1638,WV,1976,29586,8.308966,0.3992,1880,3.0
1639,WV,1977,31370,7.8016534,0.3992,1908,3.0
1640,WV,1978,31186,7.2512302,0.3992,1923,3.0
1641,WV,1979,31594,6.5121236,0.3992,1942,3.0
1642,WV,1980,34077,5.7376237,0.3992,1953,3.0
1643,WV,1981,35956,5.201102,0.3992,1954,3.0
1644,WV,1982,37789,4.8992767,0.3992,1950,5.0
1645,WV,1983,38953,4.746789,0.3992,1945,5.0
1646,WV,1984,38369,4.5503387,0.3992,1928,5.0
1647,WV,1985,38080,4.393868,0.3992,1907,5.0
1648,WV,1986,37493,4.313688,0.3992,1882,5.0
1649,WV,1987,37683,4.1617975,0.3992,1858,5.0
1650,WV,1988,37655,3.9964511,0.3992,1830,5.0
1651,WV,1989,37567,3.8127434,0.3992,1807,6.0
1652,WV,1990,38857,3.6172931,0.3992,1793,6.0
1653,WV,1991,38533,3.47122,0.3992,1799,6.0
1654,WV,1992,38142,3.3697803,0.3992,1806,6.0
1655,WV,1993,39334,3.271835,0.3992,1818,6.0
1656,WV,1994,39026,3.1901498,0.3992,1820,6.0
1657,WV,1995,38165,3.1022322,0.3992,1824,6.0
1658,WV,1996,38272,3.0132582,0.3992,1823,6.0
1659,WV,1997,38145,2.9456708,0.3992,1819,6.0
1660,WV,1998,39246,2.9004917,0.3992,1816,6.0
1661,WV,1999,39547,2.8378162,0.3992,1812,6.0
1662,WV,2000,39513,2.7455294,0.3992,1807,6.0
1663,WV,2001,40950,2.6695662,0.3992,1802,6.0
1664,WV,2002,42075,2.6280167,0.3992,1805,6.0
1665,WV,2003,41400,2.5694575,0.3992,1810,6.0
1666,WI,1970,121486,4.4320393,0.1452,4426,4.0
1667,WI,1971,126195,4.2460036,0.1452,4462,4.0
1668,WI,1972,128725,4.1139507,0.1452,4502,4.0
1669,WI,1973,133792,3.8730433,0.1452,4524,4.0
1670,WI,1974,136807,3.488096,0.1452,4546,4.0
1671,WI,1975,146350,3.1963408,0.1452,4579,4.0
1672,WI,1976,142811,3.0221992,0.1452,4596,4.0
1673,WI,1977,144184,2.8376756,0.1452,4627,4.0
1674,WI,1978,147353,2.6374717,0.1452,4646,4.0
1675,WI,1979,156766,2.3686383,0.1452,4683,4.0
1676,WI,1980,161235,2.0869312,0.1452,4714,4.0
1677,WI,1981,162599,1.8917836,0.1452,4726,4.0
1678,WI,1982,161932,1.7820015,0.1452,4729,4.0
1679,WI,1983,161669,1.7265376,0.1452,4721,5.0
1680,WI,1984,156884,1.6550831,0.1452,4736,5.0
1681,WI,1985,153493,1.5981704,0.1452,4748,5.0
1682,WI,1986,157933,1.5690068,0.1452,4756,5.0
1683,WI,1987,151475,1.51376,0.1452,4778,5.0
1684,WI,1988,149647,1.453619,0.1452,4822,5.0
1685,WI,1989,146865,1.3867995,0.1452,4857,5.0
1686,WI,1990,149312,1.3157089,0.1452,4905,5.0
1687,WI,1991,143893,1.262578,0.1452,4964,5.0
1688,WI,1992,140588,1.2256817,0.1452,5025,5.0
1689,WI,1993,142569,1.1900562,0.1452,5085,5.0
1690,WI,1994,143947,1.1603451,0.1452,5134,5.0
1691,WI,1995,143193,1.1283671,0.1452,5185,5.0
1692,WI,1996,142468,1.0960047,0.1452,5230,5.0
1693,WI,1997,147860,1.0714214,0.1452,5266,5.0
1694,WI,1998,152275,1.0549885,0.1452,5298,5.0
1695,WI,1999,146162,1.0321916,0.1452,5333,5.0
1696,WI,2000,147700,0.9986245,0.1452,5374,5.0
1697,WI,2001,149332,0.97099453,0.1452,5405,5.0
1698,WI,2002,153076,0.95588183,0.1452,5440,5.0
1699,WI,2003,151000,0.9345823,0.1452,5472,5.0
1702,WY,1972,7950,1.2749848,0.045,347,3.0
1703,WY,1973,9013,1.2003235,0.045,354,3.0
1704,WY,1974,10314,1.0810215,0.045,366,3.0
1705,WY,1975,11630,0.99060154,0.045,382,3.0
1706,WY,1976,12079,0.936632,0.045,397,3.0
1707,WY,1977,12373,0.87944496,0.045,413,3.0
1708,WY,1978,13192,0.81739825,0.045,433,3.0
1709,WY,1979,14246,0.7340821,0.045,454,3.0
1710,WY,1980,14712,0.64677626,0.045,475,3.0
1711,WY,1981,15730,0.5862966,0.045,492,3.0
1712,WY,1982,15054,0.5522732,0.045,506,3.0
1713,WY,1983,14205,0.53508395,0.045,510,3.0
1714,WY,1984,13443,0.512939,0.045,505,3.0
1715,WY,1985,13221,0.49530077,0.045,500,3.0
1716,WY,1986,12437,0.48626244,0.045,496,3.0
1717,WY,1987,12020,0.4691405,0.045,477,3.0
1718,WY,1988,11322,0.45050177,0.045,465,3.0
1719,WY,1989,10936,0.42979324,0.045,458,3.0
1720,WY,1990,11364,0.407761,0.045,454,3.0
1721,WY,1991,11363,0.39129487,0.045,459,3.0
1722,WY,1992,11533,0.37986,0.045,466,3.0
1723,WY,1993,11401,0.3688191,0.045,473,3.0
1724,WY,1994,11888,0.3596111,0.045,480,3.0
1725,WY,1995,11253,0.34970057,0.045,485,3.0
1726,WY,1996,11382,0.3396709,0.045,488,4.0
1727,WY,1997,11800,0.3320521,0.045,489,4.0
1728,WY,1998,12063,0.32695925,0.045,491,4.0
1729,WY,1999,12423,0.31989413,0.045,492,4.0
1730,WY,2000,12595,0.30949107,0.045,494,4.0
1731,WY,2001,12808,0.3009281,0.045,494,4.0
1732,WY,2002,13191,0.29624438,0.045,499,4.0
1733,WY,2003,15535,0.2896433,0.045,501,4.0
