City 1,City 2,Average Fare,Distance,Average Weekly Passengers,Market Leading Airline,Market Share,Average Fare.1,Low Price Airline,Market Share.1,Price
CAK ,ATL    ,114.47,528,424.56,FL,70.19,111.03,FL   ,70.19,111.03
CAK ,MCO    ,122.47,860,276.84,FL,75.1,123.09,DL   ,17.23,118.94
ALB ,ATL    ,214.42,852,215.76,DL,78.89,223.98,CO   ,2.77,167.12
ALB ,BWI    ,69.4,288,606.84,WN,96.97,68.86,WN   ,96.97,68.86
ALB ,ORD    ,158.13,723,313.04,UA,39.79,161.36,WN   ,15.34,145.42
ALB ,FLL    ,135.17,1204,199.02,WN,40.68,137.97,DL   ,17.09,127.69
ALB ,LAS    ,152.85,2237,237.17,WN,59.94,148.59,WN   ,59.94,148.59
ALB ,LAX    ,190.73,2467,191.95,DL,17.89,205.06,US   ,16.59,174.0
ALB ,MCO    ,129.35,1073,550.54,WN,76.84,127.69,WN   ,76.84,127.69
ALB ,TPA    ,134.17,1130,202.93,US,35.4,132.91,DL   ,26.4,124.78
ABQ ,ATL    ,212.49,1269,198.8,DL,68.39,226.79,AA   ,11.91,200.93
ABQ ,BWI    ,173.56,1670,312.39,WN,49.16,180.49,AA   ,14.37,161.39
ABQ ,ORD    ,170.67,1121,364.78,AA,45.94,174.62,WN   ,33.87,163.22
ABQ ,DFW    ,120.24,580,839.78,WN,71.91,117.2,WN   ,71.91,117.2
ABQ ,DEN    ,168.69,349,308.26,UA,59.55,181.34,F9   ,39.95,149.41
ABQ ,IAH    ,154.4,767,372.93,WN,50.48,152.03,WN   ,50.48,152.03
ABQ ,LAS    ,114.24,487,620.86,WN,93.92,113.82,WN   ,93.92,113.82
ABQ ,LAX    ,132.29,677,655.0,WN,89.46,130.44,WN   ,89.46,130.44
ABQ ,MSP    ,181.99,981,187.28,NW,65.0,182.27,CO   ,2.37,109.14
ABQ ,LGA    ,233.05,1825,344.45,AA,31.33,233.26,DL   ,19.5,222.08
ABQ ,OAK    ,162.21,889,388.15,WN,88.63,164.27,HP   ,7.19,144.51
ABQ ,MCO    ,161.74,1552,190.65,WN,72.29,151.81,WN   ,72.29,151.81
ABQ ,PHX    ,71.57,328,1252.39,WN,77.65,70.99,WN   ,77.65,70.99
ABQ ,PDX    ,163.63,1111,222.93,WN,57.24,167.46,HP   ,20.77,155.82
ABQ ,SAN    ,134.42,628,346.3,WN,82.92,136.7,HP   ,13.05,119.03
ABQ ,SEA    ,165.69,1180,284.34,WN,47.82,164.81,HP   ,25.07,159.64
ABQ ,TUS    ,77.82,321,191.19,WN,86.29,73.5,WN   ,86.29,73.5
ABQ ,IAD    ,227.93,1650,301.84,AA,46.59,213.13,AA   ,46.59,213.13
AMA ,DFW    ,74.82,324,615.1,WN,82.04,71.51,WN   ,82.04,71.51
AMA ,IAH    ,120.5,545,229.78,WN,58.79,119.76,CO   ,37.55,118.05
ATL ,AUS    ,205.24,812,377.5,DL,75.72,212.59,AA   ,10.36,193.01
ATL ,BWI    ,132.52,576,1453.91,DL,67.61,138.42,FL   ,26.56,118.54
ATL ,BOS    ,156.55,946,1834.34,DL,75.26,163.05,FL   ,16.29,128.51
ATL ,BUF    ,117.85,712,446.41,DL,46.06,123.55,FL   ,46.01,110.49
ATL ,CLT    ,233.63,227,292.5,DL,69.26,234.85,US   ,30.02,229.85
ATL ,ORD    ,146.06,606,2885.76,DL,40.28,161.88,FL   ,26.08,111.32
ATL ,CVG    ,234.2,373,294.78,DL,94.8,236.93,US   ,1.14,113.83
ATL ,CLE    ,184.9,554,455.65,DL,58.01,183.47,DL   ,58.01,183.47
ATL ,CMH    ,195.72,446,379.56,DL,85.99,202.58,AA   ,1.68,124.71
ATL ,DFW    ,147.5,732,2358.04,DL,55.36,152.8,AA   ,33.45,143.65
ATL ,DAY    ,112.28,432,705.86,DL,61.65,117.78,FL   ,36.51,101.6
ATL ,DEN    ,194.55,1199,1041.95,DL,52.95,200.28,F9   ,13.18,176.86
ATL ,DTW    ,133.8,594,1141.52,DL,48.45,135.25,NW   ,47.64,132.35
ATL ,FNT    ,118.93,644,251.41,FL,92.69,116.95,FL   ,92.69,116.95
ATL ,FLL    ,132.0,581,1488.8,DL,69.05,135.95,FL   ,28.59,122.01
ATL ,RSW    ,131.4,515,410.97,DL,75.16,133.36,FL   ,22.34,125.97
ATL ,GSO    ,96.78,306,525.32,DL,75.35,105.1,FL   ,22.34,67.42
ATL ,GPT    ,94.95,352,259.67,FL,58.26,88.61,FL   ,58.26,88.61
ATL ,BDL    ,211.09,859,536.52,DL,81.42,223.92,CO   ,3.93,111.97
ATL ,IAH    ,136.03,696,1453.04,DL,52.49,139.61,FL   ,14.38,118.58
ATL ,IND    ,208.6,432,385.32,DL,82.99,221.13,CO   ,4.25,85.82
ATL ,JAX    ,94.79,270,828.8,DL,79.46,97.25,FL   ,20.0,84.17
ATL ,MCI    ,110.6,692,848.04,DL,72.6,111.68,FL   ,15.21,94.72
ATL ,LAS    ,221.95,1747,743.47,DL,65.27,249.17,HP   ,18.28,175.02
ATL ,LAX    ,259.76,1946,1376.84,DL,62.06,285.55,US   ,1.93,156.0
ATL ,SDF    ,243.22,321,212.17,DL,95.03,246.77,US   ,1.38,135.33
ATL ,MEM    ,103.47,332,896.08,DL,61.83,108.06,FL   ,18.69,89.41
ATL ,MIA    ,129.21,595,1333.47,DL,54.27,136.86,AA   ,29.54,118.17
ATL ,MKE    ,103.19,669,678.91,DL,47.69,106.11,FL   ,16.12,88.14
ATL ,MSP    ,138.67,906,1036.08,DL,42.55,140.55,FL   ,11.83,125.63
ATL ,BNA    ,209.89,214,220.21,DL,91.06,211.42,AX   ,7.79,194.47
ATL ,MSY    ,116.41,425,950.0,DL,76.3,118.78,FL   ,21.87,107.82
ATL ,PHF    ,98.62,508,370.54,FL,83.6,95.58,FL   ,83.6,95.58
ATL ,LGA    ,150.38,761,6185.43,DL,64.65,159.12,FL   ,16.55,124.12
ATL ,ORF    ,130.89,516,384.56,DL,89.88,132.18,US   ,7.99,107.5
ATL ,OAK    ,227.23,2130,249.13,DL,42.93,236.56,HP   ,28.22,190.35
ATL ,OKC    ,198.07,761,209.45,DL,79.29,202.85,AA   ,10.32,198.04
ATL ,OMA    ,199.73,821,196.08,DL,64.41,215.05,CO   ,7.15,135.42
ATL ,ONT    ,210.45,1900,302.28,DL,51.56,218.76,AA   ,11.29,191.57
ATL ,MCO    ,137.9,403,1434.34,DL,60.98,147.26,FL   ,37.88,122.39
ATL ,PNS    ,92.18,272,206.63,DL,65.75,95.28,FL   ,32.82,82.54
ATL ,PHL    ,130.36,665,1995.43,DL,53.12,138.5,FL   ,13.78,114.65
ATL ,PHX    ,236.93,1587,697.82,DL,50.51,255.09,HP   ,35.45,225.74
ATL ,PIT    ,102.75,526,888.58,DL,43.03,107.84,FL   ,24.0,95.83
ATL ,PDX    ,252.66,2172,347.6,DL,67.19,256.53,CO   ,2.62,148.69
ATL ,PVD    ,203.29,903,245.54,DL,82.86,205.62,US   ,9.03,164.2
ATL ,RDU    ,98.23,356,1179.78,DL,75.5,104.32,FL   ,22.19,76.06
ATL ,RIC    ,195.29,481,372.5,DL,93.55,197.86,US   ,4.31,141.93
ATL ,ROC    ,115.95,749,356.95,DL,45.18,119.71,FL   ,44.7,108.15
ATL ,SMF    ,236.1,2092,285.1,DL,57.6,242.22,UA   ,13.34,213.91
ATL ,STL    ,192.67,483,633.8,DL,49.92,195.33,AA   ,45.27,192.04
ATL ,SLC    ,231.06,1589,460.32,DL,67.55,267.69,UA   ,9.53,128.0
ATL ,SAT    ,206.36,874,412.17,DL,78.45,211.59,NW   ,1.26,148.12
ATL ,SAN    ,250.88,1891,522.17,DL,67.98,255.0,US   ,1.31,160.01
ATL ,SFO    ,299.31,2139,789.67,DL,62.75,314.31,DL   ,62.75,314.31
ATL ,SJC    ,285.76,2116,285.65,DL,58.59,302.18,AA   ,14.76,250.02
ATL ,SNA    ,292.0,1919,329.23,DL,63.65,304.64,HP   ,13.53,268.1
ATL ,SAV    ,82.76,215,342.28,DL,91.23,83.22,FL   ,8.51,77.01
ATL ,SEA    ,265.27,2182,620.54,DL,63.35,284.8,UA   ,11.35,206.98
ATL ,TLH    ,95.19,223,189.56,DL,70.29,99.55,FL   ,29.18,84.61
ATL ,TPA    ,128.75,406,1486.52,DL,70.94,131.27,FL   ,27.27,120.26
ATL ,IAD    ,156.32,547,2558.47,DL,74.26,168.36,FL   ,13.3,117.23
ATL ,PBI    ,137.63,545,537.93,DL,89.53,138.94,FL   ,8.2,125.56
ATL ,ICT    ,110.61,781,207.39,FL,65.4,101.24,FL   ,65.4,101.24
ACY ,FLL    ,128.2,977,431.41,NK,99.72,128.1,NK   ,99.72,128.1
ACY ,RSW    ,127.37,982,290.76,NK,99.14,127.46,NK   ,99.14,127.46
ACY ,MCO    ,123.98,852,444.23,NK,97.01,124.42,DL   ,2.69,100.8
ACY ,TPA    ,122.38,914,208.36,NK,95.77,122.4,NK   ,95.77,122.4
AUS ,BWI    ,186.26,1340,357.71,WN,48.86,184.06,WN   ,48.86,184.06
AUS ,ORD    ,176.77,972,589.78,AA,66.95,174.92,AA   ,66.95,174.92
AUS ,DFW    ,90.7,183,1266.73,WN,79.11,86.78,WN   ,79.11,86.78
AUS ,DEN    ,150.14,768,453.26,UA,44.74,162.12,F9   ,39.37,132.8
AUS ,ELP    ,117.9,525,347.93,WN,95.87,118.14,AA   ,2.24,110.94
AUS ,IAH    ,87.71,160,595.97,WN,73.17,82.96,WN   ,73.17,82.96
AUS ,LAS    ,138.96,1085,500.1,WN,72.0,136.31,WN   ,72.0,136.31
AUS ,LAX    ,178.55,1238,508.04,AA,55.99,179.84,WN   ,26.25,171.96
AUS ,LBB    ,92.35,335,267.06,WN,96.41,91.85,DL   ,1.75,85.74
AUS ,MSP    ,258.83,1035,207.5,NW,69.35,255.22,NW   ,69.35,255.22
AUS ,BNA    ,132.7,753,242.28,WN,82.81,130.8,NW   ,1.65,111.16
AUS ,MSY    ,134.21,446,194.45,WN,68.47,136.0,CO   ,22.13,128.55
AUS ,LGA    ,271.07,1519,656.95,CO,43.58,293.58,AA   ,35.72,264.17
AUS ,MCO    ,163.37,995,245.54,WN,39.88,151.56,WN   ,39.88,151.56
AUS ,PHX    ,133.04,868,461.41,WN,48.73,133.15,HP   ,39.81,131.63
AUS ,RDU    ,177.41,1161,186.95,WN,46.04,161.59,WN   ,46.04,161.59
AUS ,STL    ,153.38,717,213.04,AA,73.36,151.81,AA   ,73.36,151.81
AUS ,SAN    ,170.03,1161,252.06,WN,50.02,167.75,WN   ,50.02,167.75
AUS ,SJC    ,223.26,1471,483.15,AA,75.86,224.37,WN   ,12.37,210.28
AUS ,SEA    ,177.23,1764,241.08,AA,30.43,179.0,CO   ,15.96,160.6
AUS ,IAD    ,245.59,1313,313.91,AA,38.95,272.39,CO   ,19.8,215.45
BWI ,BHM    ,122.89,682,386.08,WN,80.46,120.61,WN   ,80.46,120.61
BWI ,BOS    ,99.16,370,1162.71,FL,71.51,86.65,FL   ,71.51,86.65
BWI ,BUF    ,68.57,281,671.19,WN,94.94,67.82,WN   ,94.94,67.82
BWI ,CLT    ,237.0,360,198.04,US,93.9,237.95,DL   ,3.34,219.57
BWI ,ORD    ,129.98,621,1870.86,WN,40.54,117.75,WN   ,40.54,117.75
BWI ,CLE    ,83.51,314,945.0,WN,52.04,78.32,WN   ,52.04,78.32
BWI ,CMH    ,80.62,336,483.26,HP,47.09,82.41,WN   ,40.82,77.34
BWI ,DFW    ,216.89,1217,782.06,AA,66.0,226.13,NW   ,1.51,128.45
BWI ,DEN    ,191.68,1491,743.69,UA,64.22,207.43,F9   ,18.44,158.47
BWI ,DTW    ,198.83,408,470.1,NW,72.25,219.61,WN   ,19.32,139.29
BWI ,FLL    ,129.48,925,1037.6,WN,55.67,131.87,FL   ,27.69,122.31
BWI ,RSW    ,139.06,919,252.6,FL,68.2,135.12,US   ,10.62,134.13
BWI ,BDL    ,74.41,283,848.36,WN,95.34,73.59,WN   ,95.34,73.59
BWI ,IAH    ,188.43,1246,857.39,CO,53.32,193.06,WN   ,32.27,186.88
BWI ,IND    ,124.0,515,392.39,WN,75.4,121.94,CO   ,2.6,121.71
BWI ,JAX    ,121.07,663,485.54,WN,67.94,122.97,DL   ,17.57,113.17
BWI ,MCI    ,126.27,966,442.39,WN,59.75,135.6,DL   ,11.99,114.35
BWI ,LAS    ,156.54,2106,1018.26,HP,42.55,154.81,HP   ,42.55,154.81
BWI ,ISP    ,72.03,220,490.32,WN,99.88,71.99,WN   ,99.88,71.99
BWI ,LAX    ,196.95,2329,1134.02,WN,35.3,161.6,WN   ,35.3,161.6
BWI ,SDF    ,86.77,495,565.97,WN,89.16,86.0,NW   ,3.62,71.43
BWI ,MHT    ,74.08,377,1299.56,WN,96.61,73.76,WN   ,96.61,73.76
BWI ,MIA    ,144.45,946,537.5,AA,56.94,143.92,FL   ,26.32,134.67
BWI ,MSP    ,242.02,936,347.82,NW,73.4,261.9,CO   ,1.75,136.87
BWI ,BNA    ,103.89,587,884.78,WN,90.15,102.97,DL   ,3.34,102.25
BWI ,MSY    ,142.22,998,540.54,WN,46.55,153.46,US   ,11.36,131.22
BWI ,ORF    ,71.81,159,194.02,WN,98.09,70.31,WN   ,98.09,70.31
BWI ,OAK    ,173.01,2446,322.5,WN,47.52,174.59,HP   ,12.3,163.57
BWI ,OKC    ,161.38,1180,189.89,AA,29.82,159.19,AA   ,29.82,159.19
BWI ,ONT    ,177.45,2283,231.63,WN,26.65,185.7,AA   ,19.47,159.44
BWI ,MCO    ,123.67,787,1519.89,WN,56.01,125.67,FL   ,27.8,116.58
BWI ,PHX    ,165.32,1998,938.04,HP,39.4,173.72,WN   ,30.75,164.52
BWI ,PDX    ,180.99,2358,309.78,UA,24.14,198.16,NW   ,21.89,155.47
BWI ,PVD    ,73.42,328,1545.32,WN,97.3,72.65,WN   ,97.3,72.65
BWI ,RDU    ,77.15,255,510.54,WN,90.35,74.26,WN   ,90.35,74.26
BWI ,ROC    ,78.49,277,260.21,FL,92.52,77.08,FL   ,92.52,77.08
BWI ,SMF    ,167.57,2395,307.82,UA,31.6,174.59,AA   ,14.12,151.84
BWI ,STL    ,134.54,737,722.06,AA,51.34,135.8,WN   ,42.46,131.17
BWI ,SLC    ,180.52,1864,387.93,WN,36.7,168.52,WN   ,36.7,168.52
BWI ,SAT    ,173.49,1407,432.39,WN,42.15,175.1,AA   ,21.41,166.85
BWI ,SAN    ,181.94,2295,701.3,WN,25.13,173.91,WN   ,25.13,173.91
BWI ,SFO    ,266.31,2457,413.91,UA,70.27,273.4,F9   ,1.54,192.84
BWI ,SJC    ,186.18,2438,265.0,AA,33.38,183.7,NW   ,13.2,141.52
BWI ,SEA    ,176.63,2335,495.32,NW,17.68,167.25,AA   ,13.53,143.85
BWI ,TPA    ,125.09,842,1071.63,WN,55.01,128.39,FL   ,27.15,115.16
BWI ,TUS    ,172.16,1976,214.34,AA,34.33,168.64,CO   ,15.51,142.59
BWI ,PBI    ,137.32,883,386.95,WN,72.52,138.83,DL   ,15.19,129.9
BHM ,ORD    ,132.62,584,336.19,WN,76.13,125.76,WN   ,76.13,125.76
BHM ,DFW    ,170.24,597,249.02,AA,48.31,157.72,AA   ,48.31,157.72
BHM ,IAH    ,135.91,570,318.36,WN,54.83,131.94,WN   ,54.83,131.94
BHM ,LAS    ,156.02,1618,192.39,WN,59.83,153.49,DL   ,29.6,153.04
BHM ,MSY    ,76.7,321,323.36,WN,94.85,75.58,WN   ,94.85,75.58
BHM ,LGA    ,213.08,866,343.91,DL,60.11,209.7,DL   ,60.11,209.7
BHM ,MCO    ,110.2,478,307.17,WN,68.64,103.62,WN   ,68.64,103.62
BHM ,TPA    ,109.96,460,270.54,WN,82.28,106.2,WN   ,82.28,106.2
BOI ,DEN    ,141.26,649,244.02,UA,48.06,157.54,F9   ,37.95,117.63
BOI ,LAS    ,99.44,520,261.84,WN,85.26,99.38,DL   ,11.66,95.41
BOI ,LAX    ,126.18,674,275.32,AS,47.76,132.68,DL   ,15.23,110.66
BOI ,PHX    ,133.52,735,251.95,HP,62.64,130.19,HP   ,62.64,130.19
BOI ,PDX    ,80.47,344,656.95,WN,55.27,69.87,WN   ,55.27,69.87
BOI ,SLC    ,76.18,291,251.3,WN,60.12,71.04,WN   ,60.12,71.04
BOI ,SEA    ,82.23,399,844.45,AS,56.3,90.85,WN   ,43.01,70.71
BOI ,GEG    ,72.5,287,354.67,WN,76.55,68.06,WN   ,76.55,68.06
BOS ,CLT    ,228.64,727,290.54,US,78.48,249.21,NW   ,9.42,123.78
BOS ,ORD    ,179.6,867,2090.76,UA,42.23,189.36,TZ   ,11.41,132.43
BOS ,CVG    ,249.21,752,270.0,DL,87.39,259.41,CO   ,1.81,114.64
BOS ,CLE    ,252.85,563,315.97,CO,86.99,258.55,DL   ,2.99,157.56
BOS ,CMH    ,185.06,640,307.93,HP,57.99,182.51,HP   ,57.99,182.51
BOS ,DFW    ,248.6,1562,1098.04,AA,61.55,276.92,DL   ,23.89,209.37
BOS ,DAY    ,108.11,709,214.67,US,33.41,124.75,NW   ,19.79,86.79
BOS ,DEN    ,213.21,1754,930.1,UA,64.35,240.3,AA   ,11.17,137.82
BOS ,DTW    ,237.89,632,542.28,NW,81.77,250.61,US   ,6.27,143.04
BOS ,FLL    ,144.67,1237,1254.56,DL,67.45,145.46,AA   ,17.31,139.11
BOS ,RSW    ,148.71,1249,723.15,DL,77.93,148.87,US   ,6.35,135.26
BOS ,IAH    ,236.58,1609,667.17,CO,68.01,242.92,CO   ,68.01,242.92
BOS ,JAX    ,141.77,1011,208.04,DL,50.57,141.17,US   ,31.92,137.09
BOS ,MCI    ,167.56,1256,265.43,YX,35.7,175.92,US   ,10.27,149.18
BOS ,LAS    ,170.57,2381,865.65,HP,43.54,181.53,NW   ,10.86,129.21
BOS ,LAX    ,314.01,2611,1259.02,AA,38.28,345.48,AA   ,38.28,345.48
BOS ,MEM    ,191.79,1139,188.69,NW,57.6,196.9,US   ,11.46,137.83
BOS ,MIA    ,154.36,1258,992.5,AA,81.8,153.67,UA   ,1.4,149.55
BOS ,MKE    ,186.23,860,283.04,YX,67.35,194.08,FL   ,1.3,112.2
BOS ,MSP    ,270.65,1124,717.71,NW,69.84,310.86,US   ,6.26,112.42
BOS ,MSY    ,157.76,1367,310.0,DL,41.97,157.54,AA   ,13.42,137.18
BOS ,LGA    ,128.94,200,4662.82,DL,45.94,113.5,DL   ,45.94,113.5
BOS ,MCO    ,131.65,1121,1757.06,DL,66.47,131.18,AA   ,20.89,130.3
BOS ,PHL    ,204.13,280,1115.54,US,76.66,214.1,AA   ,13.42,175.75
BOS ,PHX    ,184.68,2300,594.56,HP,37.02,229.39,DL   ,14.02,147.39
BOS ,PIT    ,206.06,496,514.23,US,93.36,208.55,NW   ,1.2,123.66
BOS ,PDX    ,243.79,2537,242.17,UA,30.25,254.66,DL   ,24.95,227.83
BOS ,RDU    ,172.27,612,504.78,AA,64.57,176.4,AA   ,64.57,176.4
BOS ,STL    ,193.78,1046,414.45,AA,82.34,200.3,UA   ,5.61,132.82
BOS ,SLC    ,254.38,2105,270.86,DL,60.59,284.75,HP   ,16.73,176.35
BOS ,SAN    ,307.42,2588,355.21,AA,46.69,316.03,HP   ,11.84,288.5
BOS ,SFO    ,355.15,2704,1270.0,UA,45.88,410.14,AA   ,23.38,387.94
BOS ,SJC    ,286.14,2689,505.76,AA,61.05,303.57,TZ   ,14.42,172.2
BOS ,SNA    ,291.35,2592,183.04,AA,37.47,289.0,HP   ,10.74,287.38
BOS ,SEA    ,258.68,2496,500.76,AS,27.32,248.67,AS   ,27.32,248.67
BOS ,TPA    ,146.73,1193,877.71,DL,79.95,147.65,FL   ,3.03,135.94
BOS ,IAD    ,163.37,413,2569.56,US,63.04,161.58,US   ,63.04,161.58
BOS ,PBI    ,170.77,1197,593.04,DL,68.85,178.74,US   ,12.37,138.12
BUF ,ORD    ,187.62,473,289.34,AA,49.24,187.99,UA   ,44.32,183.16
BUF ,DFW    ,171.26,1212,186.41,AA,51.25,169.36,US   ,10.72,147.56
BUF ,FLL    ,119.43,1166,309.78,DL,28.66,100.97,DL   ,28.66,100.97
BUF ,LAS    ,146.87,1987,365.32,WN,52.87,144.97,NW   ,7.67,142.14
BUF ,LAX    ,173.89,2217,207.71,AA,25.64,185.94,US   ,17.68,161.48
BUF ,LGA    ,89.1,301,1352.71,B6,76.19,80.15,B6   ,76.19,80.15
BUF ,MCO    ,117.41,1011,563.15,WN,41.9,118.38,DL   ,15.46,107.74
BUF ,PHX    ,155.42,1912,232.17,WN,59.03,153.97,AA   ,7.81,147.2
BUF ,TPA    ,106.53,1054,385.86,US,27.8,97.88,US   ,27.8,97.88
BUR ,DFW    ,222.11,1243,216.08,AA,80.53,215.0,AA   ,80.53,215.0
BUR ,LAS    ,62.88,223,1962.5,WN,97.67,63.19,AQ   ,2.27,49.61
BUR ,OAK    ,78.93,325,2542.28,WN,99.61,78.91,WN   ,99.61,78.91
BUR ,PHX    ,73.73,369,1074.78,WN,70.73,74.68,HP   ,28.6,71.2
BUR ,PDX    ,130.69,817,479.78,AS,73.44,127.18,AS   ,73.44,127.18
BUR ,RNO    ,99.45,374,195.54,WN,79.54,105.29,UA   ,19.17,74.61
BUR ,SMF    ,80.33,358,1565.32,WN,99.22,80.21,WN   ,99.22,80.21
BUR ,SFO    ,128.2,326,551.41,UA,99.84,128.18,UA   ,99.84,128.18
BUR ,SJC    ,80.67,296,1129.23,WN,99.96,80.67,WN   ,99.96,80.67
BUR ,SEA    ,145.58,937,724.02,AS,78.59,147.59,AS   ,78.59,147.59
BTV ,LGA    ,92.89,267,314.67,B6,76.44,79.46,B6   ,76.44,79.46
CHS ,LGA    ,178.94,641,361.19,DL,50.88,180.29,US   ,18.65,155.51
CLT ,ORD    ,137.63,599,854.78,US,33.03,146.37,TZ   ,29.33,93.67
CLT ,DFW    ,239.16,937,446.63,AA,57.65,241.31,AA   ,57.65,241.31
CLT ,DEN    ,206.62,1338,296.3,US,52.53,212.42,DL   ,10.6,141.87
CLT ,DTW    ,232.15,500,266.19,NW,53.4,251.11,US   ,39.4,215.61
CLT ,FLL    ,170.45,632,230.76,US,78.7,172.25,DL   ,17.47,160.74
CLT ,IAH    ,266.44,921,229.56,US,42.23,265.45,US   ,42.23,265.45
CLT ,LAS    ,174.9,1917,272.5,US,53.84,166.02,AA   ,14.12,165.36
CLT ,LAX    ,216.47,2125,453.26,US,51.31,237.25,AA   ,10.93,180.98
CLT ,MIA    ,164.82,651,257.28,US,78.28,169.81,DL   ,10.13,154.95
CLT ,MSP    ,206.31,930,263.15,NW,51.92,220.19,US   ,31.47,204.99
CLT ,LGA    ,247.41,543,1129.78,US,72.7,251.11,US   ,72.7,251.11
CLT ,MCO    ,191.79,468,285.86,US,91.14,191.77,DL   ,8.17,189.45
CLT ,PHL    ,257.32,447,377.82,US,94.33,260.64,DL   ,3.65,166.51
CLT ,PHX    ,210.99,1774,220.76,US,48.0,233.36,TZ   ,10.24,178.79
CLT ,STL    ,199.95,575,214.23,US,50.58,198.47,US   ,50.58,198.47
CLT ,SFO    ,246.26,2296,321.73,US,59.42,270.29,UA   ,10.33,259.12
CLT ,TPA    ,198.95,508,256.52,US,84.4,198.85,US   ,84.4,198.85
CLT ,IAD    ,233.3,330,356.84,US,95.58,234.92,DL   ,1.55,178.92
ORD ,CVG    ,265.86,264,390.65,DL,48.1,255.72,DL   ,48.1,255.72
ORD ,CLE    ,94.32,316,1946.63,WN,37.46,74.16,WN   ,37.46,74.16
ORD ,CMH    ,91.5,296,1426.95,WN,41.33,74.59,WN   ,41.33,74.59
ORD ,DFW    ,190.85,802,2621.63,AA,60.96,200.49,TZ   ,16.44,137.18
ORD ,DAY    ,100.47,240,378.91,UA,53.32,97.11,TZ   ,19.01,94.64
ORD ,DEN    ,154.27,895,2353.15,UA,54.05,170.74,TZ   ,18.49,124.32
ORD ,DSM    ,147.08,306,203.58,UA,66.63,139.2,UA   ,66.63,139.2
ORD ,DTW    ,92.55,235,2262.71,NW,39.95,91.53,WN   ,23.07,81.63
ORD ,ELP    ,192.71,1237,223.36,AA,78.05,192.58,CO   ,3.64,171.0
ORD ,FLL    ,135.72,1182,2240.65,TZ,24.41,109.07,TZ   ,24.41,109.07
ORD ,RSW    ,132.67,1120,1339.13,TZ,46.15,121.96,NK   ,29.05,120.69
ORD ,GSO    ,188.73,590,219.13,UA,66.91,201.5,FL   ,10.61,123.0
ORD ,MDT    ,192.69,594,206.63,UA,61.38,189.46,UA   ,61.38,189.46
ORD ,BDL    ,149.81,783,942.17,UA,38.83,155.39,WN   ,16.11,134.1
ORD ,IAH    ,175.06,945,1660.1,CO,41.51,179.07,AA   ,18.38,168.56
ORD ,IND    ,83.81,177,541.73,UA,40.38,92.49,WN   ,25.8,65.15
ORD ,JAN    ,140.35,677,198.15,WN,66.81,132.35,WN   ,66.81,132.35
ORD ,JAX    ,161.49,865,278.58,DL,42.52,150.43,FL   ,11.47,144.7
ORD ,MCI    ,77.8,405,1912.93,WN,51.06,75.07,WN   ,51.06,75.07
ORD ,LAS    ,132.86,1521,3149.13,UA,23.04,152.91,TZ   ,21.09,118.86
ORD ,LIT    ,135.63,552,251.84,WN,56.58,135.33,AA   ,25.03,131.68
ORD ,ISP    ,124.86,773,300.0,WN,93.87,124.11,WN   ,93.87,124.11
ORD ,LAX    ,167.07,1750,4120.0,UA,39.15,182.31,TZ   ,17.1,129.23
ORD ,SDF    ,79.86,286,703.58,WN,68.05,66.4,WN   ,68.05,66.4
ORD ,MHT    ,151.27,843,533.91,UA,55.78,163.75,WN   ,38.64,128.79
ORD ,MEM    ,190.76,491,315.21,NW,52.89,199.47,AA   ,31.55,187.96
ORD ,MIA    ,178.44,1197,1273.58,AA,41.16,201.39,TZ   ,25.45,126.99
ORD ,MSP    ,161.71,349,2536.19,NW,55.64,152.55,TZ   ,15.15,113.08
ORD ,BNA    ,88.02,409,1046.63,WN,70.91,80.62,WN   ,70.91,80.62
ORD ,MSY    ,163.41,837,777.17,AA,36.79,165.12,WN   ,16.55,162.15
ORD ,LGA    ,175.42,740,7442.06,AA,34.0,190.56,TZ   ,13.43,124.32
ORD ,ORF    ,140.64,717,243.26,WN,34.13,121.15,US   ,13.62,119.18
ORD ,OAK    ,173.78,1844,544.13,WN,54.51,134.86,WN   ,54.51,134.86
ORD ,OKC    ,158.1,693,211.95,AA,69.53,153.5,AA   ,69.53,153.5
ORD ,OMA    ,84.05,423,905.43,WN,58.29,67.74,WN   ,58.29,67.74
ORD ,ONT    ,208.23,1706,189.34,WN,24.28,182.03,WN   ,24.28,182.03
ORD ,MCO    ,127.46,1005,3042.82,TZ,35.28,100.86,TZ   ,35.28,100.86
ORD ,PHL    ,172.15,678,2142.5,UA,34.35,189.05,TZ   ,12.65,129.22
ORD ,PHX    ,132.81,1444,3018.8,UA,25.36,136.78,TZ   ,11.93,124.28
ORD ,PIT    ,171.88,412,766.19,US,49.96,157.19,US   ,49.96,157.19
ORD ,PDX    ,221.5,1751,594.34,UA,59.54,230.31,AA   ,17.37,218.95
ORD ,PVD    ,141.52,849,770.97,UA,35.64,149.77,WN   ,29.21,130.03
ORD ,RDU    ,119.66,647,875.1,AA,57.98,120.5,WN   ,31.2,110.93
ORD ,RNO    ,177.35,1680,191.73,AA,64.28,166.93,AA   ,64.28,166.93
ORD ,RIC    ,205.77,642,274.45,UA,60.03,203.53,UA   ,60.03,203.53
ORD ,ROC    ,192.97,528,249.45,UA,52.89,195.17,AA   ,40.82,184.02
ORD ,SMF    ,210.03,1790,393.58,UA,60.03,228.95,HP   ,14.3,163.43
ORD ,STL    ,84.73,258,1876.08,WN,45.68,75.88,WN   ,45.68,75.88
ORD ,SLC    ,214.32,1258,482.82,DL,38.67,209.81,DL   ,38.67,209.81
ORD ,SAT    ,188.15,1041,536.73,AA,48.68,189.24,WN   ,13.06,182.69
ORD ,SAN    ,160.71,1728,1441.41,UA,37.08,176.07,WN   ,28.13,129.25
ORD ,SFO    ,187.8,1854,2479.45,UA,58.76,200.63,TZ   ,17.68,122.65
ORD ,SJC    ,174.72,1838,756.84,UA,38.21,175.94,TZ   ,18.62,125.89
ORD ,SNA    ,181.88,1731,879.78,UA,52.16,177.15,UA   ,52.16,177.15
ORD ,SRQ    ,132.9,1050,245.86,TZ,73.78,121.98,TZ   ,73.78,121.98
ORD ,SEA    ,179.94,1733,1415.43,UA,46.69,203.36,TZ   ,14.11,127.08
ORD ,SYR    ,186.83,607,199.78,UA,55.22,178.39,UA   ,55.22,178.39
ORD ,TPA    ,130.18,1012,2118.69,TZ,25.01,102.55,TZ   ,25.01,102.55
ORD ,TUS    ,175.61,1440,356.84,AA,70.51,172.37,AA   ,70.51,172.37
ORD ,TUL    ,144.02,585,238.8,AA,75.64,139.9,AA   ,75.64,139.9
ORD ,IAD    ,190.71,612,2571.41,UA,57.44,204.18,TZ   ,10.55,128.75
ORD ,PBI    ,188.71,1144,352.28,UA,51.06,197.36,AA   ,13.2,170.42
ORD ,HPN    ,219.66,738,525.76,AA,52.84,219.43,UA   ,42.81,216.63
CVG ,DFW    ,287.35,812,263.15,DL,65.67,295.36,AA   ,28.45,288.81
CVG ,DEN    ,230.74,1069,224.67,DL,77.26,241.09,US   ,1.79,151.7
CVG ,FLL    ,174.95,932,228.04,DL,87.08,179.78,CO   ,3.28,105.94
CVG ,RSW    ,173.51,879,184.02,DL,92.91,174.9,UA   ,1.06,158.88
CVG ,IAH    ,238.6,886,193.58,DL,54.4,242.98,CO   ,35.59,234.24
CVG ,LAS    ,211.49,1678,205.0,DL,82.13,220.11,AA   ,8.0,116.68
CVG ,LAX    ,321.4,1900,251.08,DL,75.67,343.53,NW   ,4.02,198.06
CVG ,MSP    ,251.16,596,251.3,DL,47.92,241.4,DL   ,47.92,241.4
CVG ,LGA    ,223.58,589,885.0,DL,77.7,225.45,DL   ,77.7,225.45
CVG ,MCO    ,181.38,756,286.52,DL,88.96,186.54,CO   ,1.55,108.85
CVG ,TPA    ,157.78,773,347.28,DL,92.42,158.76,CO   ,1.97,98.46
CVG ,IAD    ,194.7,411,380.65,DL,93.94,198.16,US   ,3.34,107.06
CLE ,DFW    ,258.85,1021,303.36,AA,61.3,254.07,AA   ,61.3,254.07
CLE ,DEN    ,219.13,1201,310.1,UA,47.31,223.06,UA   ,47.31,223.06
CLE ,FLL    ,159.37,1062,446.73,CO,62.4,168.65,DL   ,18.8,122.5
CLE ,RSW    ,178.31,1025,313.69,CO,83.47,180.42,US   ,2.7,153.89
CLE ,BDL    ,200.44,475,190.0,CO,64.47,222.3,WN   ,22.19,152.28
CLE ,IAH    ,217.88,1107,431.41,CO,75.78,233.91,WN   ,10.9,186.36
CLE ,MCI    ,149.38,694,204.67,CO,61.17,148.95,WN   ,21.98,144.6
CLE ,LAS    ,158.7,1825,832.71,CO,78.16,161.44,DL   ,2.53,117.16
CLE ,LAX    ,209.44,2053,579.45,CO,66.83,205.56,US   ,1.29,148.3
CLE ,MIA    ,181.7,1080,202.5,CO,48.41,181.81,AA   ,28.82,171.88
CLE ,MSP    ,254.99,622,298.15,NW,61.24,256.42,NW   ,61.24,256.42
CLE ,BNA    ,84.31,448,416.73,WN,72.84,79.69,WN   ,72.84,79.69
CLE ,LGA    ,231.15,425,1052.39,CO,80.03,242.15,AA   ,13.29,191.65
CLE ,MCO    ,146.93,895,514.13,CO,61.96,154.64,DL   ,18.94,113.61
CLE ,PHX    ,167.72,1737,473.26,CO,45.59,164.39,CO   ,45.59,164.39
CLE ,PVD    ,200.39,540,187.17,CO,64.45,218.0,WN   ,26.07,158.62
CLE ,STL    ,90.58,487,510.32,WN,46.62,72.63,WN   ,46.62,72.63
CLE ,SAN    ,184.75,2026,224.67,CO,24.67,191.8,WN   ,15.04,158.29
CLE ,SFO    ,274.75,2161,249.34,CO,42.63,328.35,UA   ,26.67,231.21
CLE ,SEA    ,215.13,2021,192.71,UA,22.95,234.34,DL   ,11.28,145.79
CLE ,TPA    ,155.57,932,443.15,CO,61.19,165.4,DL   ,19.86,128.22
CLE ,IAD    ,221.19,310,213.15,CO,95.0,222.42,DL   ,2.29,181.62
COS ,DFW    ,142.89,603,225.0,AA,94.15,141.05,CO   ,1.49,119.32
COS ,LAS    ,121.42,604,285.32,G4,54.89,92.72,G4   ,54.89,92.72
COS ,LAX    ,180.26,833,217.71,AA,49.52,168.73,AA   ,49.52,168.73
CAE ,LGA    ,186.15,617,234.67,DL,48.95,187.01,US   ,16.76,153.82
CMH ,DFW    ,152.57,927,542.17,AA,70.5,153.8,HP   ,17.14,150.31
CMH ,DEN    ,212.25,1155,229.02,UA,56.52,222.5,AA   ,16.84,221.89
CMH ,FLL    ,141.32,972,263.91,DL,42.0,149.57,WN   ,29.61,137.51
CMH ,RSW    ,151.41,930,203.8,DL,59.62,148.74,US   ,10.77,147.86
CMH ,BDL    ,131.81,550,196.84,HP,53.94,153.81,US   ,10.21,102.58
CMH ,IAH    ,181.13,1001,276.73,CO,72.23,179.95,US   ,2.23,107.71
CMH ,LAS    ,140.39,1772,733.69,HP,55.2,145.48,WN   ,18.22,131.54
CMH ,LAX    ,166.38,1996,459.89,HP,33.06,186.17,UA   ,19.23,144.4
CMH ,MSP    ,239.85,627,239.56,NW,80.35,255.87,UA   ,6.66,152.75
CMH ,LGA    ,166.16,483,876.19,CO,35.19,184.51,DL   ,15.74,149.62
CMH ,MCO    ,110.12,802,644.23,DL,32.63,107.19,HP   ,30.23,103.45
CMH ,PHL    ,164.3,405,365.43,US,59.51,170.56,HP   ,37.0,151.17
CMH ,PHX    ,149.65,1671,571.08,HP,46.85,164.62,WN   ,18.76,142.32
CMH ,STL    ,82.44,410,334.56,AA,50.0,91.37,WN   ,46.58,69.12
CMH ,SAN    ,152.25,1964,243.69,UA,18.37,140.89,NW   ,14.18,140.19
CMH ,SFO    ,177.79,2121,218.47,UA,25.82,221.11,NW   ,15.07,145.65
CMH ,SEA    ,157.29,2017,183.58,NW,26.46,150.1,AA   ,17.93,145.36
CMH ,TPA    ,119.91,829,482.71,WN,51.4,120.33,DL   ,33.73,115.84
CRP ,DFW    ,106.78,354,364.67,WN,67.71,104.36,WN   ,67.71,104.36
CRP ,IAH    ,87.45,201,306.08,WN,66.54,86.72,WN   ,66.54,86.72
DFW ,DAY    ,196.27,861,223.58,AA,63.29,199.05,AA   ,63.29,199.05
DFW ,DEN    ,155.99,650,1488.69,AA,47.02,156.81,F9   ,18.2,140.0
DFW ,DTW    ,231.6,987,722.5,AA,51.97,228.12,AA   ,51.97,228.12
DFW ,ELP    ,109.72,562,893.8,WN,67.93,108.94,WN   ,67.93,108.94
DFW ,FLL    ,212.91,1119,506.3,AA,48.19,225.23,DL   ,36.06,196.76
DFW ,GSO    ,178.49,999,188.36,AA,50.6,167.74,AA   ,50.6,167.74
DFW ,HRL    ,122.55,461,322.17,WN,98.0,122.07,WN   ,98.0,122.07
DFW ,BDL    ,277.25,1471,322.93,AA,62.23,315.86,UA   ,10.16,177.12
DFW ,IAH    ,86.02,252,4075.43,WN,71.68,83.57,WN   ,71.68,83.57
DFW ,IND    ,190.66,762,431.19,AA,63.95,202.77,TZ   ,13.33,166.13
DFW ,JAX    ,181.34,919,335.1,DL,49.56,189.0,AA   ,38.92,178.04
DFW ,MCI    ,159.24,461,768.8,AA,94.3,159.23,AA   ,94.3,159.23
DFW ,LAS    ,162.86,1067,1173.91,AA,58.75,173.25,HP   ,26.12,134.84
DFW ,LIT    ,83.31,304,612.93,WN,71.64,80.58,WN   ,71.64,80.58
DFW ,LGB    ,204.22,1220,494.13,AA,97.95,202.79,AA   ,97.95,202.79
DFW ,LAX    ,240.12,1246,1266.52,AA,52.87,279.7,DL   ,13.38,169.34
DFW ,SDF    ,208.03,733,229.56,AA,65.29,213.57,DL   ,20.45,199.48
DFW ,LBB    ,77.76,293,770.97,WN,85.36,76.02,WN   ,85.36,76.02
DFW ,MEM    ,186.63,432,299.23,AA,56.95,190.07,AA   ,56.95,190.07
DFW ,MIA    ,223.28,1121,530.21,AA,81.44,226.89,FL   ,3.01,181.34
DFW ,MAF    ,78.14,319,534.78,WN,86.56,76.51,WN   ,86.56,76.51
DFW ,MKE    ,184.36,853,342.39,YX,46.69,189.41,AA   ,33.65,187.48
DFW ,MSP    ,235.76,853,800.21,NW,39.03,263.33,AA   ,37.08,258.34
DFW ,BNA    ,224.98,631,421.52,AA,69.64,234.39,AX   ,1.41,109.6
DFW ,MSY    ,107.28,448,1199.89,WN,65.8,106.21,WN   ,65.8,106.21
DFW ,LGA    ,248.32,1391,3261.41,AA,61.28,266.01,DL   ,13.26,207.91
DFW ,ORF    ,191.54,1213,206.3,AA,74.18,177.83,AA   ,74.18,177.83
DFW ,OAK    ,269.76,1468,283.15,AA,58.42,278.83,DL   ,11.82,230.3
DFW ,OKC    ,83.35,181,375.32,WN,72.98,81.91,WN   ,72.98,81.91
DFW ,OMA    ,206.8,585,235.0,AA,81.45,214.13,UA   ,8.14,133.77
DFW ,ONT    ,214.23,1200,323.15,AA,51.69,217.0,DL   ,17.96,186.76
DFW ,MCO    ,189.56,984,1009.89,AA,55.45,195.72,DL   ,31.23,177.98
DFW ,PHL    ,226.96,1302,1006.3,AA,56.41,236.31,US   ,26.33,211.76
DFW ,PHX    ,193.73,879,1091.95,AA,51.27,197.86,HP   ,33.34,188.28
DFW ,PIT    ,223.85,1068,384.78,AA,44.88,240.57,US   ,32.42,213.29
DFW ,PDX    ,238.67,1626,376.73,AA,45.23,253.33,F9   ,11.88,190.21
DFW ,RDU    ,207.45,1062,522.06,AA,62.6,216.45,DL   ,20.67,195.86
DFW ,RIC    ,227.12,1158,235.76,AA,81.6,218.52,UA   ,1.7,164.08
DFW ,SMF    ,224.54,1442,328.58,AA,66.78,210.81,AA   ,66.78,210.81
DFW ,STL    ,152.58,551,826.3,AA,92.56,152.11,UA   ,1.32,100.47
DFW ,SLC    ,223.86,999,422.71,DL,39.67,239.37,AA   ,31.83,230.15
DFW ,SAT    ,84.77,248,1695.32,WN,77.29,81.97,WN   ,77.29,81.97
DFW ,SAN    ,250.47,1182,615.0,AA,59.91,273.84,HP   ,14.95,225.23
DFW ,SFO    ,283.9,1476,805.86,AA,55.35,315.04,HP   ,12.92,199.58
DFW ,SJC    ,288.99,1450,532.06,AA,74.6,298.89,HP   ,12.5,266.08
DFW ,SNA    ,215.22,1216,580.54,AA,69.98,223.83,DL   ,12.69,150.95
DFW ,SEA    ,254.29,1670,734.67,AA,50.06,296.19,DL   ,15.47,208.14
DFW ,TPA    ,194.21,929,730.21,AA,53.85,196.35,DL   ,32.39,191.93
DFW ,TUS    ,210.98,824,198.58,AA,81.44,205.66,UA   ,1.42,186.07
DFW ,TUL    ,80.26,237,705.65,WN,69.93,79.11,WN   ,69.93,79.11
DFW ,IAD    ,256.12,1192,1594.13,AA,71.77,276.0,DL   ,11.63,210.51
DFW ,PBI    ,201.21,1103,211.08,DL,75.54,197.3,DL   ,75.54,197.3
DAY ,LAX    ,173.97,1925,200.54,AA,29.53,171.86,AA   ,29.53,171.86
DAY ,LGA    ,163.7,554,235.76,CO,44.81,191.75,US   ,17.47,133.18
DAY ,MCO    ,132.14,808,228.36,DL,43.21,131.35,FL   ,29.41,130.49
DEN ,DTW    ,122.52,1123,862.6,NW,34.52,136.08,NK   ,29.37,98.93
DEN ,FLL    ,137.78,1703,809.67,NK,47.25,130.38,NK   ,47.25,130.38
DEN ,BDL    ,209.57,1671,217.5,AA,33.88,177.39,CO   ,10.24,126.41
DEN ,IAH    ,151.25,889,1213.69,CO,51.88,156.49,F9   ,10.78,116.57
DEN ,IND    ,140.31,977,525.65,UA,49.91,150.55,F9   ,33.33,128.94
DEN ,MCI    ,157.93,533,658.8,F9,52.03,149.27,F9   ,52.03,149.27
DEN ,LAS    ,141.29,629,1350.54,UA,37.57,164.74,F9   ,34.74,127.6
DEN ,LAX    ,180.55,862,1857.71,UA,56.99,200.01,F9   ,21.43,153.38
DEN ,MIA    ,270.89,1709,271.84,UA,53.21,299.74,AA   ,28.14,245.89
DEN ,MKE    ,176.27,895,278.91,YX,47.11,174.3,YX   ,47.11,174.3
DEN ,MSP    ,143.91,680,1166.19,NW,44.64,149.58,F9   ,13.15,123.05
DEN ,MSY    ,162.72,1062,414.56,UA,38.85,186.83,F9   ,38.54,145.43
DEN ,LGA    ,209.7,1626,2326.19,UA,47.79,241.39,F9   ,10.05,166.62
DEN ,OAK    ,187.48,957,378.47,UA,90.86,186.21,AS   ,1.17,173.21
DEN ,OKC    ,141.59,495,259.02,UA,58.7,153.73,F9   ,33.02,116.74
DEN ,OMA    ,161.33,472,328.04,UA,55.26,175.85,F9   ,43.77,143.33
DEN ,ONT    ,159.98,819,344.23,UA,76.94,164.69,HP   ,18.12,139.16
DEN ,MCO    ,189.68,1545,909.89,F9,31.57,177.87,DL   ,14.08,139.92
DEN ,PHL    ,245.67,1557,583.26,UA,44.57,285.13,US   ,36.28,223.0
DEN ,PHX    ,165.91,602,1495.86,UA,33.01,186.18,F9   ,32.74,139.34
DEN ,PIT    ,239.88,1290,247.17,US,62.97,227.36,US   ,62.97,227.36
DEN ,PDX    ,178.1,992,671.08,UA,48.85,197.17,F9   ,29.78,151.62
DEN ,RDU    ,175.06,1436,296.19,AA,37.83,140.79,NW   ,20.66,130.94
DEN ,RNO    ,146.57,804,258.15,UA,52.84,163.91,F9   ,37.38,115.34
DEN ,SMF    ,178.05,910,500.65,UA,61.87,191.76,F9   ,28.94,150.51
DEN ,STL    ,174.44,770,526.08,AA,49.04,182.06,UA   ,45.92,166.94
DEN ,SLC    ,163.12,391,738.36,F9,38.42,138.05,F9   ,38.42,138.05
DEN ,SAT    ,187.65,794,257.93,UA,65.19,189.66,AA   ,11.88,183.04
DEN ,SAN    ,174.49,853,825.76,UA,52.28,195.76,F9   ,33.51,150.05
DEN ,SFO    ,194.68,967,1318.36,UA,66.63,214.72,F9   ,24.41,154.39
DEN ,SJC    ,197.52,948,566.52,UA,69.89,216.5,F9   ,16.17,160.89
DEN ,SNA    ,223.35,846,493.69,UA,85.42,229.58,DL   ,3.5,137.53
DEN ,SEA    ,182.01,1024,1091.95,UA,43.6,205.55,F9   ,27.35,153.88
DEN ,TPA    ,186.93,1506,550.54,UA,37.05,213.47,DL   ,13.85,160.15
DEN ,TUS    ,137.86,639,348.58,UA,49.79,145.03,F9   ,35.39,122.39
DEN ,IAD    ,243.55,1476,1290.32,UA,63.55,291.87,NW   ,6.76,129.18
DSM ,LGA    ,161.86,1038,203.15,CO,26.96,173.53,NW   ,10.91,149.76
DSM ,PHX    ,145.25,1149,258.69,HP,55.16,151.71,AA   ,10.67,125.48
DTW ,FLL    ,139.31,1127,1022.93,NK,52.3,127.4,NK   ,52.3,127.4
DTW ,RSW    ,147.64,1085,815.76,NK,53.83,133.31,NK   ,53.83,133.31
DTW ,BDL    ,218.1,548,219.45,NW,75.78,228.09,WN   ,10.05,164.91
DTW ,IAH    ,211.6,1093,593.47,CO,48.8,222.5,NW   ,34.32,207.01
DTW ,IND    ,216.8,231,241.08,NW,85.7,230.45,WN   ,8.65,105.72
DTW ,JAX    ,170.4,814,202.5,NW,70.04,170.57,NW   ,70.04,170.57
DTW ,MCI    ,168.21,629,412.17,NW,67.06,182.94,WN   ,21.17,135.59
DTW ,LAS    ,149.29,1750,1614.89,NW,53.67,163.26,NK   ,20.58,117.52
DTW ,LAX    ,183.75,1979,1440.32,NW,56.27,202.09,NK   ,21.53,140.92
DTW ,MEM    ,222.8,610,181.41,NW,85.14,233.36,US   ,2.75,103.39
DTW ,MIA    ,182.28,1145,357.28,NW,57.77,189.12,AA   ,19.59,172.4
DTW ,MKE    ,203.99,238,237.82,NW,95.65,205.59,UA   ,1.59,163.6
DTW ,MSP    ,262.81,528,573.69,NW,89.06,277.03,UA   ,3.59,122.51
DTW ,BNA    ,124.75,457,665.86,NW,68.31,129.89,WN   ,28.92,110.41
DTW ,MSY    ,179.02,926,254.02,NW,70.26,184.45,US   ,2.78,122.5
DTW ,LGA    ,145.26,508,2713.69,NW,64.81,143.07,NK   ,13.08,100.64
DTW ,OAK    ,145.0,2068,289.67,NK,70.13,124.26,NK   ,70.13,124.26
DTW ,MCO    ,139.48,957,1454.45,NW,43.27,157.37,NK   ,39.36,123.42
DTW ,PHL    ,210.02,453,591.95,NW,57.05,214.53,US   ,39.47,203.09
DTW ,PHX    ,174.32,1671,994.89,NW,49.61,182.87,HP   ,35.25,166.26
DTW ,PDX    ,225.83,1953,225.86,NW,59.52,237.55,HP   ,12.12,179.09
DTW ,PVD    ,223.35,614,208.15,NW,74.51,237.42,WN   ,13.68,174.26
DTW ,RDU    ,165.56,501,328.15,NW,61.41,177.01,WN   ,22.49,122.31
DTW ,STL    ,89.36,440,806.95,WN,35.3,79.51,WN   ,35.3,79.51
DTW ,SAT    ,194.5,1215,199.02,NW,57.4,191.9,AA   ,17.25,189.27
DTW ,SAN    ,199.25,1957,447.28,NW,51.85,217.07,WN   ,11.68,157.21
DTW ,SFO    ,234.28,2079,552.93,NW,72.32,239.94,DL   ,2.55,163.57
DTW ,SJC    ,219.31,2063,221.41,NW,61.61,222.82,HP   ,10.4,199.44
DTW ,SNA    ,253.52,1960,186.52,NW,54.89,261.85,HP   ,12.06,234.61
DTW ,SEA    ,232.82,1932,403.04,NW,69.41,248.71,WN   ,3.64,177.49
DTW ,TPA    ,139.08,983,1123.15,NK,46.39,120.98,NK   ,46.39,120.98
DTW ,IAD    ,207.91,405,701.73,NW,90.19,212.54,US   ,3.64,107.38
DTW ,PBI    ,148.33,1087,433.36,NW,52.79,159.55,DL   ,15.5,131.14
ELP ,IAH    ,142.63,684,348.47,WN,64.78,138.15,WN   ,64.78,138.15
ELP ,LAS    ,105.83,584,350.97,WN,81.51,107.46,HP   ,14.92,103.38
ELP ,LAX    ,135.62,714,324.45,WN,83.68,137.08,HP   ,11.82,128.58
ELP ,PHX    ,69.84,347,479.45,WN,74.63,69.12,WN   ,74.63,69.12
ELP ,SAT    ,116.15,496,307.39,WN,94.69,116.16,WN   ,94.69,116.16
ELP ,SAN    ,123.21,636,189.67,WN,71.86,127.28,HP   ,20.11,123.94
EUG ,LAX    ,129.56,748,199.45,AS,57.98,138.11,UA   ,40.32,114.18
FNT ,MCO    ,123.94,1011,198.69,FL,60.88,126.62,DL   ,11.81,110.1
FLL ,BDL    ,127.9,1173,769.56,DL,77.5,128.2,US   ,6.99,112.65
FLL ,IAH    ,169.86,965,446.19,CO,65.52,175.89,DL   ,12.3,133.81
FLL ,IND    ,121.3,1005,498.69,TZ,50.37,115.3,TZ   ,50.37,115.3
FLL ,JAX    ,75.44,318,680.76,WN,99.48,74.97,WN   ,99.48,74.97
FLL ,MCI    ,130.1,1242,278.8,DL,38.32,126.09,AA   ,22.37,113.37
FLL ,LAS    ,171.41,2174,526.08,HP,36.26,165.56,HP   ,36.26,165.56
FLL ,ISP    ,124.43,1093,635.43,WN,53.43,127.61,DL   ,43.53,119.49
FLL ,LAX    ,187.61,2342,953.91,AA,51.45,186.16,DL   ,18.89,180.64
FLL ,MHT    ,137.12,1263,183.26,WN,46.2,148.16,DL   ,25.2,120.6
FLL ,MKE    ,133.46,1243,254.13,YX,32.46,139.27,DL   ,27.41,123.1
FLL ,MSP    ,181.77,1487,336.52,NW,36.82,222.43,DL   ,28.68,143.94
FLL ,BNA    ,137.4,793,356.84,WN,76.05,137.66,DL   ,17.94,135.07
FLL ,MSY    ,134.72,673,349.89,WN,75.48,138.3,DL   ,15.78,122.91
FLL ,LGA    ,127.56,1076,8950.76,DL,30.73,122.68,NK   ,13.93,112.05
FLL ,ORF    ,127.32,781,215.0,WN,48.88,126.58,DL   ,34.88,124.0
FLL ,OAK    ,168.55,2575,232.17,WN,29.07,162.99,AA   ,14.51,154.54
FLL ,MCO    ,77.28,178,562.71,WN,81.92,77.2,WN   ,81.92,77.2
FLL ,PHL    ,134.27,992,1223.47,US,60.6,131.5,US   ,60.6,131.5
FLL ,PHX    ,166.14,1972,383.04,HP,28.34,182.91,AA   ,16.37,138.89
FLL ,PIT    ,136.96,994,393.26,US,59.81,128.35,US   ,59.81,128.35
FLL ,PDX    ,174.48,2693,183.15,DL,48.01,175.17,AA   ,17.38,151.17
FLL ,PVD    ,132.92,1188,470.0,WN,42.53,144.64,US   ,20.69,122.57
FLL ,RDU    ,126.77,680,307.06,DL,46.58,123.65,DL   ,46.58,123.65
FLL ,STL    ,174.87,1056,342.5,AA,59.72,177.9,WN   ,21.92,171.32
FLL ,SAN    ,179.74,2268,270.65,DL,36.5,171.84,DL   ,36.5,171.84
FLL ,SFO    ,220.8,2583,215.97,DL,30.29,218.07,DL   ,30.29,218.07
FLL ,SEA    ,173.5,2717,339.23,DL,39.25,172.2,AA   ,18.58,159.57
FLL ,TPA    ,77.23,197,919.67,WN,93.74,77.31,DL   ,5.57,75.72
FLL ,IAD    ,132.36,901,1121.63,B6,46.74,120.83,B6   ,46.74,120.83
RSW ,BDL    ,126.07,1180,240.43,DL,67.63,126.18,US   ,16.27,119.86
RSW ,IND    ,119.26,946,573.15,TZ,78.6,119.9,DL   ,13.4,119.9
RSW ,MKE    ,130.35,1183,242.28,DL,31.76,116.89,DL   ,31.76,116.89
RSW ,MSP    ,178.22,1416,528.15,NW,57.78,195.75,SY   ,17.26,146.19
RSW ,LGA    ,150.93,1080,1470.43,B6,45.56,138.89,DL   ,12.59,135.84
RSW ,PHL    ,149.71,992,301.19,US,62.97,146.56,US   ,62.97,146.56
RSW ,PIT    ,133.03,966,205.65,US,53.54,123.18,US   ,53.54,123.18
RSW ,IAD    ,152.88,892,238.15,DL,49.93,161.06,AA   ,11.27,137.36
GRR ,LAS    ,154.74,1643,193.47,NW,45.56,153.44,DL   ,11.68,151.8
GRR ,MSP    ,173.42,408,193.04,NW,82.37,183.6,TZ   ,10.24,129.2
GRR ,LGA    ,168.8,626,234.23,CO,28.58,231.17,UA   ,14.7,134.71
GRR ,MCO    ,139.98,1023,234.13,NW,36.49,142.69,UA   ,10.67,127.17
GSO ,LGA    ,152.08,461,567.5,CO,34.49,180.14,US   ,29.53,121.17
GSO ,MCO    ,110.96,534,320.54,DL,73.92,107.5,DL   ,73.92,107.5
GSO ,PHL    ,154.55,365,184.78,US,93.17,152.69,US   ,93.17,152.69
GSP ,LGA    ,205.8,610,233.26,CO,61.04,211.45,US   ,15.0,161.31
GPT ,TPA    ,81.36,429,203.69,FL,92.9,77.4,FL   ,92.9,77.4
HRL ,IAH    ,79.19,295,470.21,WN,92.16,78.69,WN   ,92.16,78.69
MDT ,MCO    ,122.15,851,196.19,US,55.84,121.21,US   ,55.84,121.21
BDL ,IAH    ,200.89,1519,217.39,DL,27.0,162.53,DL   ,27.0,162.53
BDL ,LAS    ,148.82,2298,402.39,DL,30.63,145.06,AA   ,24.5,139.02
BDL ,LAX    ,178.54,2527,477.93,AA,27.35,165.45,US   ,11.41,159.76
BDL ,MSP    ,276.58,1050,238.15,NW,72.52,312.93,DL   ,8.71,108.34
BDL ,BNA    ,125.15,852,234.45,WN,69.86,124.39,DL   ,12.51,116.91
BDL ,MSY    ,128.83,1279,185.0,DL,41.53,125.26,US   ,23.97,122.56
BDL ,MCO    ,123.12,1050,1258.04,DL,63.46,122.06,DL   ,63.46,122.06
BDL ,PHX    ,161.54,2213,369.78,HP,28.21,183.4,DL   ,15.57,141.28
BDL ,RDU    ,156.97,532,241.3,AA,42.47,192.87,WN   ,41.26,119.43
BDL ,STL    ,185.2,957,204.23,AA,70.09,188.36,WN   ,12.13,181.36
BDL ,SAN    ,182.11,2502,239.67,AA,30.38,174.99,DL   ,18.63,168.45
BDL ,TPA    ,125.98,1111,729.13,DL,70.85,123.03,DL   ,70.85,123.03
BDL ,IAD    ,165.28,326,324.56,US,78.96,161.89,US   ,78.96,161.89
BDL ,PBI    ,134.75,1133,589.56,DL,78.22,135.84,DL   ,78.22,135.84
IAH ,IND    ,160.15,862,328.15,CO,69.52,161.59,US   ,1.25,114.31
IAH ,JAN    ,82.7,359,298.15,WN,77.87,78.84,WN   ,77.87,78.84
IAH ,JAX    ,148.08,817,225.65,CO,66.32,143.51,CO   ,66.32,143.51
IAH ,MCI    ,148.42,668,512.39,CO,56.49,146.2,CO   ,56.49,146.2
IAH ,LAS    ,157.84,1243,1132.93,CO,55.0,162.06,WN   ,36.23,150.82
IAH ,LIT    ,118.32,393,264.45,WN,60.5,117.87,CO   ,32.96,117.76
IAH ,LAX    ,212.37,1397,1291.63,CO,60.06,222.39,WN   ,21.45,188.29
IAH ,SDF    ,163.93,803,194.34,CO,55.2,158.42,CO   ,55.2,158.42
IAH ,LBB    ,104.53,482,354.13,WN,65.71,103.72,WN   ,65.71,103.72
IAH ,MEM    ,190.44,484,202.82,CO,43.56,209.8,NW   ,41.69,177.9
IAH ,MIA    ,178.65,964,440.32,CO,60.18,185.11,AA   ,31.86,167.38
IAH ,MAF    ,115.08,449,420.86,WN,66.89,113.97,WN   ,66.89,113.97
IAH ,MSP    ,273.66,1059,416.08,NW,42.45,292.76,FL   ,10.34,170.86
IAH ,BNA    ,141.06,670,555.86,WN,63.33,134.31,WN   ,63.33,134.31
IAH ,MSY    ,103.82,305,1808.15,WN,66.98,97.3,WN   ,66.98,97.3
IAH ,LGA    ,271.02,1428,2542.28,CO,73.22,290.61,US   ,2.5,116.4
IAH ,OAK    ,209.13,1649,436.19,CO,55.41,209.36,WN   ,22.77,204.07
IAH ,OKC    ,116.26,423,576.52,WN,58.95,114.41,WN   ,58.95,114.41
IAH ,OMA    ,159.96,807,220.0,CO,72.77,159.52,CO   ,72.77,159.52
IAH ,ONT    ,188.55,1353,265.54,CO,41.95,178.47,CO   ,41.95,178.47
IAH ,MCO    ,160.37,853,813.47,CO,55.62,167.75,WN   ,28.24,158.06
IAH ,PHL    ,244.07,1335,676.3,CO,46.06,261.4,US   ,28.86,231.52
IAH ,PHX    ,163.21,1028,798.26,CO,36.57,166.52,WN   ,34.64,158.81
IAH ,PIT    ,231.91,1131,341.52,US,43.18,207.97,US   ,43.18,207.97
IAH ,PDX    ,222.34,1850,267.06,CO,54.78,216.94,CO   ,54.78,216.94
IAH ,RDU    ,162.08,1050,403.47,CO,57.86,161.35,CO   ,57.86,161.35
IAH ,SMF    ,202.23,1632,249.23,CO,43.43,198.19,WN   ,24.33,193.46
IAH ,STL    ,142.84,687,698.04,WN,54.32,132.45,WN   ,54.32,132.45
IAH ,SLC    ,184.89,1220,393.26,CO,40.46,188.03,WN   ,10.25,179.27
IAH ,SAT    ,85.81,199,641.63,WN,70.45,82.54,WN   ,70.45,82.54
IAH ,SAN    ,199.03,1320,528.47,CO,49.91,209.37,WN   ,27.21,180.1
IAH ,SFO    ,313.22,1656,467.6,CO,60.76,354.08,HP   ,10.34,212.29
IAH ,SJC    ,209.62,1629,404.56,CO,53.7,203.85,WN   ,11.84,201.22
IAH ,SNA    ,249.06,1365,315.0,CO,59.45,261.92,HP   ,18.49,209.37
IAH ,SEA    ,225.27,1900,512.6,CO,62.4,227.68,DL   ,4.66,181.09
IAH ,TPA    ,161.85,787,500.97,CO,60.7,164.26,CO   ,60.7,164.26
IAH ,TUL    ,120.65,456,703.69,WN,55.29,120.07,WN   ,55.29,120.07
IAH ,IAD    ,255.5,1218,915.32,CO,74.62,273.29,US   ,3.12,137.0
IND ,MCI    ,93.47,451,281.19,WN,60.8,85.43,WN   ,60.8,85.43
IND ,LAS    ,122.8,1591,840.97,TZ,56.21,121.94,WN   ,16.14,116.74
IND ,LAX    ,156.11,1814,614.45,WN,22.28,151.84,TZ   ,21.19,147.18
IND ,MSP    ,218.63,503,350.97,NW,77.39,235.97,TZ   ,14.92,155.29
IND ,LGA    ,170.97,664,718.47,CO,36.11,226.61,TZ   ,30.34,119.94
IND ,MCO    ,104.43,828,1027.71,TZ,46.17,98.9,TZ   ,46.17,98.9
IND ,PHL    ,199.52,587,289.02,US,71.3,215.09,UA   ,7.78,137.15
IND ,PHX    ,122.32,1489,714.45,HP,36.52,128.95,TZ   ,25.87,111.66
IND ,SAN    ,171.73,1783,234.67,AA,26.16,170.38,AA   ,26.16,170.38
IND ,SFO    ,154.45,1944,267.93,UA,32.29,165.48,AA   ,22.1,137.03
IND ,SEA    ,148.94,1866,213.91,UA,30.03,150.68,TZ   ,12.9,142.62
IND ,TPA    ,109.86,840,685.21,TZ,58.21,100.23,TZ   ,58.21,100.23
PSP ,PDX    ,140.07,873,206.84,AS,83.44,138.93,DL   ,2.62,122.44
PSP ,SFO    ,104.9,421,308.91,AS,87.33,102.77,AS   ,87.33,102.77
PSP ,SEA    ,140.87,987,368.36,AS,90.64,141.21,UA   ,4.63,133.84
JAX ,LAX    ,185.14,2153,232.82,DL,46.45,180.98,AA   ,17.6,173.65
JAX ,BNA    ,105.36,484,265.86,WN,84.21,103.79,WN   ,84.21,103.79
JAX ,MSY    ,106.82,513,188.15,WN,65.68,98.44,WN   ,65.68,98.44
JAX ,LGA    ,173.47,834,887.6,CO,42.17,185.49,DL   ,38.08,177.02
JAX ,ORF    ,97.89,543,264.45,WN,73.2,91.02,WN   ,73.2,91.02
JAX ,PHL    ,144.93,742,428.91,US,81.12,140.89,US   ,81.12,140.89
JAX ,IAD    ,162.25,634,188.58,DL,46.51,178.85,FL   ,15.61,121.87
MCI ,LAS    ,130.0,1140,768.04,WN,78.26,126.85,DL   ,7.72,124.01
MCI ,LAX    ,161.5,1363,703.36,WN,60.79,157.16,AA   ,11.34,156.99
MCI ,MKE    ,156.87,436,210.43,YX,86.82,157.7,DL   ,1.75,108.73
MCI ,MSP    ,239.95,393,377.93,NW,95.31,242.92,UA   ,1.46,131.05
MCI ,BNA    ,78.41,491,387.82,WN,87.69,75.46,WN   ,87.69,75.46
MCI ,MSY    ,112.46,690,263.26,DL,24.85,99.97,NW   ,14.94,96.84
MCI ,LGA    ,195.63,1113,938.26,AA,29.43,160.66,AA   ,29.43,160.66
MCI ,OAK    ,179.29,1489,210.21,WN,75.38,181.75,HP   ,10.44,147.24
MCI ,OKC    ,75.47,313,266.52,WN,98.53,73.67,WN   ,98.53,73.67
MCI ,MCO    ,125.96,1072,639.89,WN,58.21,123.56,AA   ,13.3,115.11
MCI ,PHL    ,150.22,1038,331.08,US,74.22,148.14,AA   ,8.27,140.81
MCI ,PHX    ,142.08,1044,711.84,WN,54.64,140.37,WN   ,54.64,140.37
MCI ,PDX    ,159.93,1481,230.76,WN,37.02,154.04,WN   ,37.02,154.04
MCI ,RDU    ,122.11,904,246.84,WN,33.81,138.38,DL   ,23.16,108.89
MCI ,SMF    ,171.31,1442,194.02,WN,54.39,164.82,WN   ,54.39,164.82
MCI ,STL    ,71.12,237,575.0,WN,61.49,70.73,WN   ,61.49,70.73
MCI ,SLC    ,150.04,919,209.67,DL,69.51,148.54,DL   ,69.51,148.54
MCI ,SAT    ,154.67,706,181.84,YX,45.6,164.18,DL   ,10.16,132.32
MCI ,SAN    ,164.27,1333,367.6,WN,51.74,162.7,DL   ,10.17,150.48
MCI ,SFO    ,161.36,1506,260.86,DL,31.58,122.04,DL   ,31.58,122.04
MCI ,SEA    ,163.57,1501,341.19,WN,26.28,156.65,AA   ,13.06,155.74
MCI ,TPA    ,129.12,1048,353.36,WN,35.89,130.25,AA   ,17.74,119.06
MCI ,IAD    ,172.27,950,524.34,YX,57.54,184.1,AA   ,10.84,147.34
TYS ,LGA    ,199.6,647,196.41,DL,37.24,185.98,US   ,16.87,173.4
LAS ,LGB    ,50.52,231,592.71,B6,100.0,50.52,B6   ,100.0,50.52
LAS ,LAX    ,65.98,236,3522.28,WN,61.35,60.31,WN   ,61.35,60.31
LAS ,SDF    ,158.48,1624,232.06,WN,55.26,156.17,WN   ,55.26,156.17
LAS ,MHT    ,158.3,2356,192.39,WN,29.71,144.0,WN   ,29.71,144.0
LAS ,MIA    ,201.61,2175,329.02,HP,49.95,179.46,HP   ,49.95,179.46
LAS ,MKE    ,158.86,1524,387.17,YX,46.51,174.22,NW   ,22.62,133.65
LAS ,MSP    ,151.03,1300,1012.71,NW,58.21,162.76,SY   ,16.6,127.23
LAS ,BNA    ,153.65,1588,397.5,WN,76.23,151.51,AX   ,1.23,128.46
LAS ,MSY    ,159.74,1501,315.0,WN,51.13,154.36,WN   ,51.13,154.36
LAS ,LGA    ,176.94,2248,3205.54,HP,40.26,164.52,HP   ,40.26,164.52
LAS ,ORF    ,174.34,2155,193.58,WN,53.0,165.95,WN   ,53.0,165.95
LAS ,OAK    ,97.56,407,1729.02,WN,85.27,100.72,AQ   ,8.04,69.48
LAS ,OKC    ,161.93,987,217.6,WN,43.55,167.34,DL   ,19.13,154.65
LAS ,OMA    ,128.36,1099,498.8,WN,73.08,124.86,F9   ,1.52,117.51
LAS ,ONT    ,58.45,197,1225.43,WN,97.88,58.13,WN   ,97.88,58.13
LAS ,MCO    ,164.19,2039,623.26,DL,29.01,171.34,AA   ,12.05,153.83
LAS ,PHL    ,164.41,2176,907.93,US,42.93,165.08,HP   ,40.69,156.82
LAS ,PHX    ,69.97,256,2402.5,WN,75.26,68.53,WN   ,75.26,68.53
LAS ,PIT    ,204.31,1910,316.19,US,66.44,208.27,CO   ,2.57,170.52
LAS ,PDX    ,109.45,762,1139.13,AS,54.54,106.28,AS   ,54.54,106.28
LAS ,PVD    ,164.21,2363,260.21,WN,35.46,154.89,WN   ,35.46,154.89
LAS ,RDU    ,157.28,2027,406.95,DL,22.38,157.05,WN   ,20.32,154.44
LAS ,RNO    ,76.3,345,1278.8,WN,97.16,76.21,HP   ,2.43,74.04
LAS ,SMF    ,96.44,397,1259.34,WN,84.74,96.93,HP   ,13.55,92.37
LAS ,STL    ,166.32,1372,569.56,AA,47.21,184.64,WN   ,42.02,148.39
LAS ,SLC    ,87.86,368,895.76,WN,61.23,85.79,WN   ,61.23,85.79
LAS ,SAT    ,146.45,1069,462.5,WN,77.95,144.95,HP   ,7.59,141.27
LAS ,SAN    ,75.76,258,1748.91,WN,88.2,76.03,HP   ,10.83,72.34
LAS ,SFO    ,94.67,414,1349.78,HP,52.28,80.29,HP   ,52.28,80.29
LAS ,SJC    ,99.57,386,1418.47,WN,61.31,99.36,WN   ,61.31,99.36
LAS ,SNA    ,70.48,226,1167.06,HP,72.32,73.54,WN   ,27.35,62.3
LAS ,SEA    ,104.42,866,1910.1,AS,56.84,102.39,HP   ,20.92,97.98
LAS ,GEG    ,125.35,806,227.28,WN,41.03,133.79,DL   ,13.86,110.34
LAS ,TPA    ,152.93,1984,635.65,WN,33.92,143.3,WN   ,33.92,143.3
LAS ,TUS    ,74.55,365,512.17,WN,78.01,72.64,WN   ,78.01,72.64
LAS ,TUL    ,153.56,1076,221.08,WN,71.92,152.31,DL   ,10.27,140.69
LAS ,IAD    ,211.33,2089,538.47,UA,36.59,250.69,HP   ,36.57,172.34
LIT ,STL    ,71.48,296,239.13,WN,59.63,69.78,WN   ,59.63,69.78
LGB ,LGA    ,183.61,2465,1714.45,B6,73.13,183.53,AA   ,26.1,182.14
LGB ,OAK    ,61.02,353,1255.32,B6,100.0,61.02,B6   ,100.0,61.02
LGB ,SEA    ,135.45,965,184.34,AS,96.93,135.12,AS   ,96.93,135.12
LGB ,IAD    ,163.45,2300,580.0,B6,87.68,161.78,B6   ,87.68,161.78
ISP ,BNA    ,121.99,803,217.82,WN,94.26,122.08,DL   ,3.49,118.25
ISP ,MCO    ,126.6,972,443.69,WN,93.48,126.37,US   ,1.51,126.3
ISP ,PVD    ,52.99,108,262.71,WN,100.0,52.99,WN   ,100.0,52.99
ISP ,TPA    ,123.99,1034,430.76,WN,93.76,123.64,DL   ,4.03,118.68
ISP ,PBI    ,130.11,1052,267.93,WN,90.3,130.62,DL   ,7.26,120.82
LAX ,MHT    ,165.99,2587,305.54,UA,29.91,178.8,CO   ,12.23,137.31
LAX ,MEM    ,268.96,1619,226.84,NW,75.94,276.4,DL   ,4.74,207.95
LAX ,MIA    ,330.28,2342,680.86,AA,54.42,353.23,HP   ,11.95,215.3
LAX ,MKE    ,189.9,1756,332.6,YX,43.98,198.66,UA   ,16.66,171.57
LAX ,MSP    ,226.37,1536,968.36,NW,64.87,247.48,SY   ,5.8,130.21
LAX ,BNA    ,193.66,1797,491.73,WN,47.3,176.23,WN   ,47.3,176.23
LAX ,MSY    ,186.88,1671,659.78,UA,47.01,184.96,WN   ,21.66,182.29
LAX ,LGA    ,317.2,2475,5680.65,AA,29.35,382.59,CO   ,18.13,276.99
LAX ,ORF    ,197.65,2371,226.73,DL,28.71,201.85,AA   ,22.62,171.17
LAX ,OAK    ,75.02,337,3435.76,WN,91.49,73.78,WN   ,91.49,73.78
LAX ,OKC    ,178.12,1187,197.71,AA,21.93,181.44,CO   ,10.33,153.41
LAX ,OMA    ,151.38,1330,248.36,UA,29.45,160.74,NW   ,15.57,135.16
LAX ,MCO    ,232.41,2217,1002.5,UA,36.21,245.95,AA   ,16.87,225.24
LAX ,PHL    ,242.45,2401,1238.26,US,41.15,235.64,US   ,41.15,235.64
LAX ,PHX    ,71.93,370,2011.08,WN,72.97,68.86,WN   ,72.97,68.86
LAX ,PIT    ,231.87,2136,354.13,US,57.64,244.53,UA   ,15.31,193.82
LAX ,PDX    ,128.46,834,1298.47,AS,45.36,128.2,UA   ,39.43,126.33
LAX ,PVD    ,174.32,2592,428.47,WN,21.15,161.91,WN   ,21.15,161.91
LAX ,RDU    ,189.3,2239,375.32,DL,25.19,179.27,US   ,11.81,167.81
LAX ,RNO    ,93.2,390,703.36,WN,58.41,97.69,AA   ,37.16,83.23
LAX ,SMF    ,80.35,373,1507.82,WN,86.46,78.47,WN   ,86.46,78.47
LAX ,STL    ,211.29,1593,705.76,AA,72.55,219.23,WN   ,10.78,181.79
LAX ,SLC    ,97.4,590,1475.32,WN,45.52,87.01,WN   ,45.52,87.01
LAX ,SAT    ,165.91,1210,411.73,WN,50.07,159.59,WN   ,50.07,159.59
LAX ,SFO    ,110.66,337,2079.67,UA,69.37,117.06,AA   ,22.53,98.0
LAX ,SJC    ,76.98,308,1947.93,WN,71.02,76.23,WN   ,71.02,76.23
LAX ,SEA    ,139.4,954,2286.95,AS,56.05,139.78,AS   ,56.05,139.78
LAX ,GEG    ,134.25,945,262.06,AS,43.46,140.57,DL   ,14.84,111.68
LAX ,TPA    ,205.37,2158,540.32,DL,47.27,208.8,WN   ,13.84,174.08
LAX ,TUS    ,76.46,451,809.45,WN,93.95,74.82,WN   ,93.95,74.82
LAX ,IAD    ,361.57,2311,1379.45,UA,51.73,419.95,AA   ,24.46,355.48
SDF ,LGA    ,216.04,662,257.93,CO,50.18,228.05,US   ,10.7,199.64
SDF ,MCO    ,123.41,718,343.8,DL,45.52,124.67,WN   ,44.89,120.13
SDF ,STL    ,70.1,254,193.26,WN,63.94,67.56,WN   ,63.94,67.56
SDF ,TPA    ,128.45,727,241.08,WN,55.59,124.36,WN   ,55.59,124.36
MSN ,LGA    ,137.34,820,281.84,NW,31.46,126.25,NW   ,31.46,126.25
MHT ,MCO    ,126.82,1142,665.86,WN,72.36,128.18,DL   ,11.85,116.79
MHT ,SAN    ,158.67,2565,211.41,WN,35.42,147.8,WN   ,35.42,147.8
MHT ,TPA    ,133.71,1204,453.8,WN,66.37,136.17,DL   ,11.8,125.52
MEM ,MSP    ,253.85,700,193.58,NW,85.45,266.83,UA   ,2.69,100.0
MEM ,LGA    ,200.22,964,678.15,NW,74.46,207.19,US   ,3.39,119.58
MEM ,MCO    ,164.94,683,280.97,NW,68.78,167.39,FL   ,13.23,145.42
MEM ,PHL    ,194.34,874,231.73,NW,66.13,188.04,NW   ,66.13,188.04
MEM ,TPA    ,166.74,656,204.45,NW,61.5,161.3,FL   ,13.39,149.72
MEM ,IAD    ,199.87,762,349.89,NW,71.35,212.8,US   ,8.48,120.37
MIA ,MSP    ,210.96,1501,355.65,NW,60.91,226.89,US   ,3.78,126.8
MIA ,MSY    ,171.97,674,195.21,AA,85.63,166.59,FL   ,3.61,165.52
MIA ,LGA    ,159.93,1097,3698.26,AA,68.47,157.66,AA   ,68.47,157.66
MIA ,PHL    ,173.49,1013,652.5,US,48.89,169.19,US   ,48.89,169.19
MIA ,PHX    ,193.9,1972,201.84,AA,36.45,166.7,AA   ,36.45,166.7
MIA ,PIT    ,163.37,1013,243.47,US,74.73,158.17,US   ,74.73,158.17
MIA ,RDU    ,141.97,700,287.17,AA,76.76,141.07,AA   ,76.76,141.07
MIA ,STL    ,212.64,1068,202.28,AA,80.49,217.71,UA   ,2.52,121.82
MIA ,SFO    ,327.45,2585,404.78,AA,47.04,366.46,UA   ,28.22,316.15
MIA ,SEA    ,220.24,2724,204.56,AA,25.29,216.09,AS   ,18.17,200.4
MIA ,TLH    ,102.5,403,324.23,DL,66.87,102.94,FL   ,30.9,101.3
MIA ,TPA    ,76.06,204,317.28,FL,50.94,68.23,FL   ,50.94,68.23
MIA ,IAD    ,206.3,921,922.28,AA,61.61,214.82,UA   ,25.4,201.45
MKE ,MSP    ,180.5,297,362.39,NW,96.85,180.71,NW   ,96.85,180.71
MKE ,LGA    ,190.63,746,712.17,YX,59.03,198.43,YX   ,59.03,198.43
MKE ,MCO    ,124.68,1066,777.93,YX,38.81,135.99,FL   ,24.36,112.37
MKE ,PHX    ,159.48,1460,464.78,HP,38.98,161.75,NW   ,15.76,143.97
MKE ,SFO    ,185.57,1845,257.71,YX,38.63,186.98,UA   ,20.83,186.72
MKE ,TPA    ,120.93,1077,383.58,FL,32.24,111.44,FL   ,32.24,111.44
MKE ,IAD    ,160.42,634,333.91,YX,67.35,170.77,FL   ,1.56,118.41
MSP ,BNA    ,226.77,695,204.45,NW,88.46,231.42,UA   ,1.59,122.86
MSP ,MSY    ,213.25,1040,225.32,NW,62.71,237.53,FL   ,13.65,158.79
MSP ,LGA    ,275.67,1028,1771.63,NW,61.52,307.33,NW   ,61.52,307.33
MSP ,ONT    ,197.35,1494,208.04,NW,67.71,196.48,NW   ,67.71,196.48
MSP ,MCO    ,171.09,1310,1073.8,NW,54.46,194.56,DL   ,13.91,129.64
MSP ,PHL    ,224.33,980,594.89,NW,58.15,242.03,US   ,27.09,207.53
MSP ,PHX    ,169.68,1276,1385.32,NW,47.67,180.59,SY   ,11.76,141.27
MSP ,PIT    ,211.95,726,236.52,NW,61.25,221.44,US   ,28.86,201.48
MSP ,PDX    ,211.17,1426,391.41,NW,68.95,218.33,SY   ,4.74,118.12
MSP ,RDU    ,212.02,981,262.82,NW,63.64,232.88,US   ,6.24,142.09
MSP ,SMF    ,211.46,1518,209.23,NW,59.06,223.28,UA   ,13.87,189.23
MSP ,STL    ,216.8,449,531.41,AA,48.9,212.82,AA   ,48.9,212.82
MSP ,SLC    ,197.02,991,247.39,NW,48.98,196.81,NW   ,48.98,196.81
MSP ,SAN    ,205.13,1532,532.82,NW,60.48,221.76,SY   ,8.01,137.98
MSP ,SFO    ,242.45,1589,874.45,NW,74.66,250.74,F9   ,4.38,175.96
MSP ,SJC    ,221.07,1576,329.67,NW,71.97,225.72,HP   ,11.17,202.91
MSP ,SNA    ,247.48,1522,283.26,NW,69.8,258.71,HP   ,13.35,219.02
MSP ,SEA    ,211.65,1399,657.39,NW,64.15,237.87,SY   ,15.93,129.34
MSP ,TPA    ,182.01,1307,580.97,NW,57.92,195.34,FL   ,11.69,167.12
MSP ,IAD    ,236.0,931,931.95,NW,75.19,255.64,US   ,3.39,139.57
MYR ,LGA    ,108.13,563,513.04,NK,52.22,102.42,NK   ,52.22,102.42
BNA ,MSY    ,83.24,471,420.43,WN,91.75,80.44,WN   ,91.75,80.44
BNA ,LGA    ,229.24,766,656.41,AA,39.67,216.51,DL   ,17.27,184.64
BNA ,MCO    ,124.05,616,568.26,WN,66.67,121.22,WN   ,66.67,121.22
BNA ,PHL    ,242.28,675,215.1,US,78.06,241.33,UA   ,1.86,145.18
BNA ,PHX    ,172.95,1448,317.82,WN,78.45,170.44,AA   ,7.31,164.12
BNA ,PVD    ,133.87,907,227.06,WN,75.34,133.59,US   ,10.14,130.38
BNA ,RDU    ,94.97,443,471.19,WN,88.37,92.06,WN   ,88.37,92.06
BNA ,SAT    ,133.44,822,196.73,WN,66.4,134.34,DL   ,11.93,125.38
BNA ,SAN    ,162.0,1751,229.34,WN,65.02,158.65,DL   ,11.18,151.64
BNA ,SEA    ,166.19,1977,231.63,WN,42.13,159.59,DL   ,17.92,151.51
BNA ,TPA    ,128.97,612,442.17,WN,83.7,125.31,WN   ,83.7,125.31
MSY ,LGA    ,164.99,1183,1473.8,CO,32.87,204.45,B6   ,17.54,128.88
MSY ,OAK    ,174.36,1903,267.82,WN,59.78,169.93,WN   ,59.78,169.93
MSY ,MCO    ,99.1,550,604.02,WN,88.59,96.25,AA   ,1.52,94.78
MSY ,PHL    ,156.93,1088,467.06,US,66.11,152.78,US   ,66.11,152.78
MSY ,PHX    ,164.46,1301,284.34,WN,47.28,164.86,CO   ,15.71,155.78
MSY ,PIT    ,137.67,918,226.73,US,53.59,144.21,DL   ,24.97,127.91
MSY ,RDU    ,110.18,779,230.86,DL,52.87,103.84,DL   ,52.87,103.84
MSY ,SMF    ,151.06,1879,190.32,UA,23.41,154.84,AA   ,17.53,142.42
MSY ,STL    ,168.31,604,256.95,AA,74.91,166.39,AA   ,74.91,166.39
MSY ,SAT    ,116.01,495,218.91,WN,70.7,117.19,CO   ,18.81,114.77
MSY ,SAN    ,167.56,1599,284.89,WN,49.71,157.32,WN   ,49.71,157.32
MSY ,SFO    ,230.27,1911,251.19,UA,52.44,251.25,AA   ,12.93,178.7
MSY ,SEA    ,177.47,2086,271.95,CO,25.53,162.5,DL   ,18.9,161.55
MSY ,TPA    ,101.8,487,550.97,WN,84.65,100.58,WN   ,84.65,100.58
MSY ,IAD    ,186.11,969,545.0,US,44.01,189.88,UA   ,21.73,184.65
PHF ,LGA    ,85.72,288,270.86,FL,98.23,85.58,FL   ,98.23,85.58
LGA ,OAK    ,188.81,2576,1869.23,B6,53.2,180.07,B6   ,53.2,180.07
LGA ,OKC    ,229.58,1345,210.86,AA,40.25,220.54,AA   ,40.25,220.54
LGA ,OMA    ,200.11,1155,274.34,YX,25.47,195.15,UA   ,21.39,184.32
LGA ,ONT    ,194.05,2430,482.5,B6,46.11,172.15,DL   ,14.77,170.19
LGA ,MCO    ,123.54,950,6838.15,DL,30.71,117.63,AA   ,13.71,114.35
LGA ,PHX    ,217.97,2153,2000.21,HP,34.57,235.42,DL   ,11.69,195.21
LGA ,PIT    ,176.9,340,1297.71,US,75.48,170.21,US   ,75.48,170.21
LGA ,PWM    ,167.42,284,199.78,DL,38.35,144.73,AA   ,20.83,142.36
LGA ,PDX    ,245.38,2454,629.34,CO,33.16,232.18,CO   ,33.16,232.18
LGA ,RDU    ,158.33,431,1431.3,AA,47.63,153.47,DL   ,15.49,137.85
LGA ,RIC    ,210.6,292,263.26,CO,57.84,232.59,DL   ,36.45,175.6
LGA ,ROC    ,93.71,264,884.02,B6,82.5,78.5,B6   ,82.5,78.5
LGA ,SMF    ,254.96,2521,304.67,UA,36.1,287.33,DL   ,14.69,194.51
LGA ,STL    ,197.34,892,1320.76,AA,73.05,202.45,CO   ,16.55,186.3
LGA ,SLC    ,209.39,1989,776.41,DL,61.13,228.16,B6   ,23.54,143.77
LGA ,SAT    ,283.44,1587,494.56,CO,41.73,314.4,DL   ,14.24,260.25
LGA ,SAN    ,314.66,2446,1150.1,CO,30.79,362.41,HP   ,15.37,243.25
LGA ,SFO    ,365.93,2586,3470.76,UA,41.22,386.7,CO   ,21.72,315.61
LGA ,SJC    ,229.42,2569,635.54,AA,42.26,225.76,AA   ,42.26,225.76
LGA ,SNA    ,308.08,2454,590.54,CO,51.97,333.12,UA   ,12.58,273.63
LGA ,SRQ    ,165.91,1047,296.95,CO,60.21,170.56,DL   ,25.62,164.18
LGA ,SAV    ,143.89,722,440.32,DL,53.64,145.82,US   ,13.52,127.08
LGA ,SEA    ,234.0,2421,1592.06,CO,27.85,291.94,B6   ,12.84,158.45
LGA ,SYR    ,97.8,209,337.28,B6,78.4,78.85,B6   ,78.4,78.85
LGA ,TPA    ,136.75,1019,3427.28,B6,29.22,122.23,B6   ,29.22,122.23
LGA ,TUS    ,249.15,2136,255.21,AA,36.58,252.97,DL   ,15.97,213.46
LGA ,IAD    ,119.1,229,4350.54,DL,47.85,107.88,DL   ,47.85,107.88
LGA ,PBI    ,149.09,1035,3802.39,DL,31.22,144.94,B6   ,25.45,140.14
ORF ,MCO    ,97.32,655,386.41,WN,76.06,89.23,WN   ,76.06,89.23
ORF ,SAN    ,203.36,2330,256.63,DL,51.37,199.48,DL   ,51.37,199.48
ORF ,TPA    ,110.43,717,205.43,DL,48.25,101.45,DL   ,48.25,101.45
OAK ,ONT    ,72.38,361,1976.73,WN,99.1,72.26,WN   ,99.1,72.26
OAK ,MCO    ,192.92,2437,221.41,UA,25.42,210.0,CO   ,10.8,158.12
OAK ,PHX    ,110.45,646,1313.69,WN,65.86,111.75,HP   ,33.13,107.52
OAK ,PDX    ,93.4,543,1177.17,WN,54.31,95.04,AS   ,45.18,91.02
OAK ,RNO    ,69.99,180,378.04,WN,100.0,69.99,WN   ,100.0,69.99
OAK ,SLC    ,106.26,588,616.95,WN,97.63,105.64,WN   ,97.63,105.64
OAK ,SAN    ,85.38,446,2663.36,WN,98.22,85.2,WN   ,98.22,85.2
OAK ,SNA    ,79.49,371,2249.78,WN,60.91,84.84,AS   ,37.6,70.57
OAK ,SEA    ,100.92,671,1762.06,AS,56.25,98.95,AS   ,56.25,98.95
OAK ,GEG    ,108.46,723,249.56,WN,83.84,105.71,WN   ,83.84,105.71
OAK ,TUS    ,141.18,747,194.45,WN,73.28,140.34,WN   ,73.28,140.34
OAK ,IAD    ,176.66,2432,986.63,B6,49.74,155.44,B6   ,49.74,155.44
OKC ,PHX    ,160.47,833,235.54,WN,79.78,163.86,AA   ,7.42,138.98
OKC ,STL    ,81.09,462,246.41,WN,52.93,72.1,WN   ,52.93,72.1
OMA ,MCO    ,127.43,1210,310.43,AA,23.52,125.59,CO   ,12.14,93.88
OMA ,PHX    ,138.51,1037,519.56,HP,55.69,138.45,HP   ,55.69,138.45
OMA ,STL    ,71.27,342,355.76,WN,52.97,60.55,WN   ,52.97,60.55
OMA ,IAD    ,181.6,1012,241.95,YX,62.84,184.74,YX   ,62.84,184.74
ONT ,MCO    ,178.21,2171,189.45,DL,27.25,191.09,AA   ,16.35,171.54
ONT ,PHX    ,71.56,325,1104.78,WN,81.65,70.42,WN   ,81.65,70.42
ONT ,PDX    ,131.54,838,533.58,AS,70.4,127.03,AS   ,70.4,127.03
ONT ,RNO    ,102.47,394,237.28,WN,95.41,103.04,UA   ,1.96,73.88
ONT ,SMF    ,78.58,389,1798.58,WN,98.9,78.45,WN   ,98.9,78.45
ONT ,SLC    ,107.83,558,356.19,DL,69.57,105.1,DL   ,69.57,105.1
ONT ,SJC    ,78.07,333,987.71,WN,99.22,78.03,WN   ,99.22,78.03
ONT ,SEA    ,141.52,956,699.56,AS,75.15,139.96,AS   ,75.15,139.96
MCO ,PHL    ,125.32,861,1990.21,US,65.64,124.13,US   ,65.64,124.13
MCO ,PHX    ,165.91,1848,525.54,HP,35.94,171.18,AA   ,11.49,150.26
MCO ,PIT    ,131.15,834,754.34,US,78.53,128.19,US   ,78.53,128.19
MCO ,PDX    ,167.56,2534,306.95,DL,31.69,169.86,WN   ,15.4,149.38
MCO ,PVD    ,130.72,1073,1090.21,WN,56.64,131.11,DL   ,33.52,129.36
MCO ,RDU    ,114.84,534,544.02,DL,55.74,116.94,WN   ,25.51,101.24
MCO ,ROC    ,124.28,1033,327.06,FL,48.85,119.28,FL   ,48.85,119.28
MCO ,SMF    ,175.09,2407,242.28,DL,22.16,174.25,AA   ,18.93,157.35
MCO ,STL    ,146.36,880,691.73,AA,51.47,155.83,WN   ,39.28,132.15
MCO ,SLC    ,196.96,1929,355.0,DL,61.23,216.1,WN   ,11.26,159.55
MCO ,SAT    ,157.55,1040,265.54,WN,53.78,146.02,WN   ,53.78,146.02
MCO ,SAN    ,167.79,2148,394.34,DL,33.59,162.83,WN   ,15.82,154.59
MCO ,SFO    ,273.14,2445,326.84,UA,48.05,304.62,DL   ,12.83,265.08
MCO ,SJC    ,182.72,2419,333.58,AA,35.15,177.94,AA   ,35.15,177.94
MCO ,SEA    ,170.12,2553,528.26,DL,27.2,171.3,AA   ,21.17,152.32
MCO ,SYR    ,128.93,1053,296.08,US,35.53,128.83,DL   ,28.37,121.62
MCO ,IAD    ,146.05,759,1510.1,DL,40.92,130.48,DL   ,40.92,130.48
PHL ,PHX    ,208.72,2075,644.56,US,42.2,196.7,US   ,42.2,196.7
PHL ,PIT    ,175.38,267,645.54,US,99.69,175.25,US   ,99.69,175.25
PHL ,RDU    ,168.59,336,516.84,US,69.37,163.62,US   ,69.37,163.62
PHL ,STL    ,255.28,813,311.3,AA,80.62,260.05,DL   ,1.71,151.44
PHL ,SAT    ,236.84,1495,183.69,AA,46.62,228.22,AA   ,46.62,228.22
PHL ,SAN    ,264.85,2369,408.04,US,44.69,296.98,AA   ,14.65,222.41
PHL ,SFO    ,267.3,2521,1049.45,US,46.26,257.23,US   ,46.26,257.23
PHL ,SNA    ,274.28,2380,181.73,AA,25.05,271.78,HP   ,20.03,251.02
PHL ,SEA    ,257.75,2378,403.47,US,49.4,265.46,US   ,49.4,265.46
PHL ,TPA    ,132.61,928,1121.84,US,71.62,129.96,US   ,71.62,129.96
PHL ,PBI    ,141.69,951,555.1,US,86.21,138.56,US   ,86.21,138.56
PHX ,PIT    ,209.69,1813,255.97,US,54.6,214.54,HP   ,22.63,211.3
PHX ,PDX    ,131.84,1009,1128.04,AS,42.26,123.69,AS   ,42.26,123.69
PHX ,PVD    ,162.36,2277,285.1,WN,73.54,156.62,CO   ,2.93,156.16
PHX ,RDU    ,157.68,1891,359.13,HP,33.32,167.23,AA   ,13.68,144.11
PHX ,RNO    ,106.71,601,451.84,WN,49.65,105.29,WN   ,49.65,105.29
PHX ,SMF    ,109.06,647,959.78,WN,60.5,110.14,HP   ,37.39,106.89
PHX ,STL    ,154.09,1262,687.17,WN,46.01,147.61,WN   ,46.01,147.61
PHX ,SLC    ,105.99,507,1093.15,WN,60.81,105.37,WN   ,60.81,105.37
PHX ,SAT    ,138.82,843,367.17,WN,52.98,141.61,WN   ,52.98,141.61
PHX ,SAN    ,69.74,304,1675.1,WN,75.98,68.86,WN   ,75.98,68.86
PHX ,SFO    ,123.64,651,868.26,HP,49.07,126.12,UA   ,47.49,120.29
PHX ,SJC    ,109.13,621,1148.91,WN,50.23,108.14,AA   ,12.1,101.76
PHX ,SNA    ,83.09,338,1179.45,HP,56.16,89.14,WN   ,37.22,79.26
PHX ,SEA    ,132.19,1107,1774.34,AS,53.24,125.27,AS   ,53.24,125.27
PHX ,GEG    ,132.8,1020,248.15,HP,57.73,130.12,AS   ,17.08,130.11
PHX ,TPA    ,161.76,1788,401.41,HP,35.93,164.4,DL   ,14.24,156.8
PHX ,TUL    ,159.1,935,235.43,WN,86.47,161.14,AA   ,4.38,139.41
PHX ,IAD    ,288.58,1979,427.93,HP,47.98,247.91,HP   ,47.98,247.91
PIT ,SFO    ,255.73,2253,309.23,US,64.78,273.54,UA   ,14.62,227.69
PIT ,TPA    ,135.35,873,539.02,US,72.95,131.36,US   ,72.95,131.36
PIT ,PBI    ,139.02,952,195.1,US,72.7,135.82,US   ,72.7,135.82
PDX ,RNO    ,77.41,444,486.95,WN,92.81,76.21,WN   ,92.81,76.21
PDX ,SMF    ,87.85,479,1015.21,WN,69.53,81.4,WN   ,69.53,81.4
PDX ,STL    ,188.6,1708,196.73,AA,68.06,183.83,WN   ,11.21,171.01
PDX ,SLC    ,110.74,630,716.52,DL,63.18,113.87,WN   ,35.11,102.53
PDX ,SAN    ,139.45,933,833.26,AS,66.81,142.2,WN   ,15.95,141.68
PDX ,SFO    ,107.04,550,852.82,UA,55.35,114.22,AS   ,43.43,97.49
PDX ,SJC    ,93.79,569,1144.13,AS,68.29,94.36,WN   ,30.34,91.97
PDX ,SNA    ,136.04,859,684.56,AS,83.8,136.1,DL   ,2.39,102.44
PDX ,SEA    ,131.8,129,367.93,AS,99.43,131.81,AS   ,99.43,131.81
PDX ,GEG    ,73.7,279,620.65,WN,55.11,66.67,WN   ,55.11,66.67
PDX ,IAD    ,263.36,2350,273.8,UA,38.7,331.56,DL   ,11.23,201.9
PVD ,RDU    ,120.49,566,209.56,WN,46.1,124.01,DL   ,13.17,105.67
PVD ,SAN    ,187.88,2567,252.6,WN,19.66,180.49,DL   ,17.42,175.07
PVD ,TPA    ,128.12,1137,654.78,WN,69.68,130.29,US   ,12.53,118.71
PVD ,IAD    ,167.34,372,307.06,US,97.62,167.26,US   ,97.62,167.26
PVD ,PBI    ,136.44,1148,324.13,WN,41.95,146.8,DL   ,27.43,123.87
RDU ,STL    ,161.79,667,247.39,AA,69.68,160.73,WN   ,12.12,158.05
RDU ,SAN    ,158.19,2193,292.39,WN,25.68,156.99,DL   ,23.27,138.02
RDU ,SJC    ,206.32,2379,195.86,AA,48.61,217.39,WN   ,16.09,176.05
RDU ,SEA    ,166.88,2354,259.45,DL,31.33,148.9,DL   ,31.33,148.9
RDU ,TPA    ,101.63,587,538.58,WN,61.37,96.59,WN   ,61.37,96.59
RNO ,SAN    ,103.21,488,356.19,WN,79.79,104.79,UA   ,10.43,96.45
RNO ,SJC    ,69.03,188,418.47,WN,99.68,69.02,WN   ,99.68,69.02
RNO ,SEA    ,82.59,564,697.93,AS,57.46,80.84,AS   ,57.46,80.84
ROC ,TPA    ,129.2,1079,185.0,US,28.49,127.68,DL   ,19.09,120.4
SMF ,STL    ,203.98,1679,181.63,AA,63.43,203.93,WN   ,15.14,186.62
SMF ,SLC    ,122.76,532,385.0,DL,73.82,120.39,DL   ,73.82,120.39
SMF ,SAN    ,80.81,480,2066.73,WN,96.57,80.53,WN   ,96.57,80.53
SMF ,SNA    ,86.93,404,993.04,WN,93.85,85.75,WN   ,93.85,85.75
SMF ,SEA    ,107.78,605,1064.02,AS,56.07,105.31,AS   ,56.07,105.31
SMF ,GEG    ,111.06,649,208.47,WN,49.32,114.44,AS   ,44.0,109.85
STL ,SLC    ,162.77,1156,239.23,AA,54.7,165.97,WN   ,33.62,152.93
STL ,SAT    ,168.89,786,256.73,AA,77.47,167.11,AA   ,77.47,167.11
STL ,SAN    ,184.88,1558,385.21,AA,68.59,183.02,WN   ,17.21,174.98
STL ,SFO    ,213.11,1736,345.1,AA,81.32,214.91,US   ,1.22,142.84
STL ,SNA    ,232.97,1570,228.04,AA,82.36,233.39,UA   ,5.14,205.04
STL ,SEA    ,215.62,1710,355.21,AA,76.37,218.32,UA   ,9.05,189.66
STL ,TPA    ,156.14,869,444.56,AA,62.17,154.49,AA   ,62.17,154.49
STL ,TUL    ,75.34,351,228.91,WN,66.14,72.64,WN   ,66.14,72.64
STL ,IAD    ,194.58,719,645.54,AA,89.19,198.82,US   ,2.76,122.68
SLC ,SAN    ,120.89,626,547.17,DL,73.14,119.81,DL   ,73.14,119.81
SLC ,SFO    ,142.71,599,404.78,DL,63.1,146.29,UA   ,33.83,133.85
SLC ,SJC    ,143.99,585,239.02,DL,78.94,150.1,WN   ,17.23,114.46
SLC ,SNA    ,102.95,588,548.69,DL,89.93,101.01,DL   ,89.93,101.01
SLC ,SEA    ,110.64,689,892.39,DL,60.93,111.8,WN   ,36.44,105.36
SLC ,GEG    ,98.36,546,204.56,DL,62.27,97.48,DL   ,62.27,97.48
SLC ,IAD    ,263.37,1851,305.97,DL,68.95,268.78,DL   ,68.95,268.78
SAT ,SAN    ,165.13,1129,248.8,WN,57.92,165.01,AA   ,12.45,160.6
SAT ,SEA    ,177.77,1774,229.89,AA,26.71,169.59,AA   ,26.71,169.59
SAT ,IAD    ,215.04,1381,345.1,DL,48.59,191.34,DL   ,48.59,191.34
SAN ,SFO    ,122.02,447,937.93,UA,95.92,122.11,AA   ,1.35,102.68
SAN ,SJC    ,82.34,417,2176.19,WN,71.53,83.52,AA   ,26.94,79.37
SAN ,SEA    ,148.62,1050,1303.15,AS,73.5,149.91,AS   ,73.5,149.91
SAN ,TPA    ,177.91,2087,273.47,DL,27.1,172.14,WN   ,15.38,165.25
SAN ,TUS    ,74.62,367,469.67,WN,94.07,73.1,WN   ,94.07,73.1
SAN ,IAD    ,330.21,2276,582.17,UA,42.55,440.35,AA   ,26.97,241.3
SFO ,SNA    ,134.18,372,703.36,UA,66.35,140.5,AA   ,30.82,119.8
SFO ,SEA    ,116.78,678,1545.54,UA,52.32,122.59,AS   ,45.62,109.45
SFO ,TPA    ,237.26,2392,193.26,DL,21.54,265.35,CO   ,16.02,200.96
SFO ,IAD    ,401.23,2442,955.65,UA,64.45,490.03,TZ   ,3.78,182.66
SJC ,SNA    ,77.11,342,1970.76,WN,49.97,77.54,AA   ,48.91,76.66
SJC ,SEA    ,105.84,697,1390.65,AS,75.35,106.3,WN   ,22.04,103.02
SJC ,TUS    ,144.22,721,204.56,AS,56.16,143.53,AS   ,56.16,143.53
SJC ,IAD    ,322.83,2424,229.02,UA,37.01,408.1,TZ   ,13.57,172.45
SNA ,SEA    ,156.01,978,1191.84,AS,86.77,157.43,DL   ,2.19,100.08
SEA ,GEG    ,70.61,224,1423.15,AS,68.4,72.6,WN   ,31.3,66.32
SEA ,TPA    ,162.46,2520,312.93,DL,33.03,147.6,AA   ,23.75,141.21
SEA ,TUS    ,131.47,1216,359.23,AS,73.25,126.38,AS   ,73.25,126.38
SEA ,IAD    ,288.14,2329,787.5,UA,46.51,329.2,AS   ,30.43,252.34
SYR ,TPA    ,136.16,1104,184.34,US,33.37,135.82,DL   ,28.65,118.51
TLH ,TPA    ,83.28,200,232.71,FL,99.57,82.55,FL   ,99.57,82.55
TPA ,IAD    ,159.97,814,843.8,US,46.19,159.65,DL   ,13.89,159.02
TPA ,PBI    ,73.57,174,214.45,WN,99.74,73.44,WN   ,99.74,73.44
IAD ,PBI    ,126.67,859,475.65,US,56.28,129.92,DL   ,38.57,121.94
